"gene","TF_symbol","p_val","avg_log2FC","pct.1","pct.2","p_val_adj","cluster","log2FC","standardized_diff_MTC456_minus_MTC123","OddsRatio","FDR","Significance","pct_in_dorothea","pct_in_collectri","Corroborated"
"AR","AR",0,0.021021463679288,0.998,0.977,0,"MTC_456",0.021021463679288,1.27975334979468,0.200811548274311,1.11960123846005e-06,"Significant",0,4,"Corroborated"
"ARID3A","ARID3A",0,0.0347759371740408,1,1,0,"MTC_123",-0.0347759371740408,-1.31211191449288,1.06818862606064,1,"NS",0,0,"Novel"
"ATF1","ATF1",0,0.0134508020486533,0.816,0.393,0,"MTC_456",0.0134508020486533,0.964625091949468,0.556350945386521,0.153873592285139,"NS",0,0,"Novel"
"ATF3","ATF3",2.69005457903244e-126,0.00931964798904819,1,1,6.32162826072622e-124,"MTC_123",-0.00931964798904819,-0.242650348855334,1.11412081462446,0.672411303919072,"NS",0.480769230769231,3.84615384615385,"Corroborated"
"ATF4","ATF4",0,0.0207139278578177,1,1,0,"MTC_123",-0.0207139278578177,-0.512470526014073,1.15818066246275,0.624631577425774,"NS",1.11524163568773,3.71747211895911,"Corroborated"
"ATF5","ATF5",0,0.0445527824326567,1,1,0,"MTC_456",0.0445527824326567,1.68608856430652,0.949572104163544,0.851335054370117,"NS",0,0,"Novel"
"BACH1","BACH1",0,0.018163821718983,1,1,0,"MTC_123",-0.018163821718983,-1.16920242089131,1.2972210951207,0.0825687933614441,"NS",0.48780487804878,0,"Corroborated"
"BCL6","BCL6",8.61954510332137e-208,0.00597810148551185,1,1,2.02559309928052e-205,"MTC_123",-0.00597810148551185,-0.250159767924119,0.831130790498394,0.312062565797117,"NS",0.552486187845304,1.65745856353591,"Corroborated"
"BCLAF1","BCLAF1",0,0.0489439613264045,0.999,0.939,0,"MTC_123",-0.0489439613264045,-1.01645982716178,8.20959170423597,0.0266463035307698,"Significant",0,0,"Novel"
"BHLHE41","BHLHE41",0,0.0548842725169017,1,1,0,"MTC_123",-0.0548842725169017,-1.38487961901632,1.95735091724749,0.0146408372109769,"Significant",0,0,"Novel"
"BPTF","BPTF",0,0.087864554884263,0.981,0.767,0,"MTC_123",-0.087864554884263,-1.10864636464639,8.20959170423597,0.248067377187558,"NS",0,0,"Novel"
"CEBPA","CEBPA",0,0.0304501108907397,1,1,0,"MTC_123",-0.0304501108907397,-1.61877727895905,2.16797655091105,0.000310982059358754,"Significant",7.18562874251497,1.19760479041916,"Corroborated"
"CEBPB","CEBPB",8.58538799635138e-129,0.00710824449991278,1,1,2.01756617914257e-126,"MTC_123",-0.00710824449991278,-0.244073110823986,0.88349205662686,0.679303549380551,"NS",0.510204081632653,5.10204081632653,"Corroborated"
"CEBPD","CEBPD",0,0.110879194440477,1,1,0,"MTC_123",-0.110879194440477,-0.701441597431768,1.6419507286352,0.836702616092156,"NS",0,4.76190476190476,"Corroborated"
"CEBPG","CEBPG",3.53063730175966e-189,0.00129933845940891,0.567,0.413,8.2969976591352e-187,"MTC_123",-0.00129933845940891,-0.331709140402568,0.374097799483372,0.00041102378926004,"Significant",0,1.16279069767442,"Corroborated"
"CHD1","CHD1",0,0.0223164637025531,1,1,0,"MTC_123",-0.0223164637025531,-1.26643003250811,1.67823808413036,3.01529814368446e-05,"Significant",0,0,"Novel"
"DBP","DBP",0,0.0577797660788091,0.998,0.619,0,"MTC_123",-0.0577797660788091,-1.50501428901558,0.76172426597282,0.514047264064783,"NS",0,0,"Novel"
"DDIT3","DDIT3",2.003627874894e-14,0.00932621694799426,0.996,0.97,4.70852550600091e-12,"MTC_456",0.00932621694799426,0.0895655627671645,0.906605421845942,0.851335054370117,"NS",0,16,"Corroborated"
"E2F1","E2F1",2.65319976273894e-143,0.00154385440161934,1,1,6.23501944243651e-141,"MTC_456",0.00154385440161934,0.272372928804092,0.370571043506532,2.16761963370019e-16,"Significant",15.1724137931034,11.9540229885057,"Corroborated"
"E2F2","E2F2",8.15479127398351e-77,0.00121489386407529,1,1,1.91637594938612e-74,"MTC_456",0.00121489386407529,0.184370594171726,0.316389439596703,3.4039999416952e-16,"Significant",3.01003344481605,7.35785953177258,"Corroborated"
"E2F3","E2F3",2.66793743808725e-28,0.0013489777448494,0.887,0.958,6.26965297950504e-26,"MTC_456",0.0013489777448494,0.169240913439227,0.647736707347806,0.0283000944261803,"Significant",0,0.454545454545455,"Corroborated"
"E2F6","E2F6",0,0.0028248420557504,0.715,0.333,0,"MTC_456",0.0028248420557504,0.620853828613421,0.75631733338523,0.442080971789865,"NS",0,0,"Novel"
"E2F7","E2F7",0,0.00341063759262865,1,1,0,"MTC_123",-0.00341063759262865,-0.517528733267886,0.319635554020738,1.82948506515073e-15,"Significant",0.346020761245675,0.346020761245675,"Corroborated"
"E2F8","E2F8",6.61379169695523e-128,0.00150832470698996,1,1,1.55424104878448e-125,"MTC_456",0.00150832470698996,0.219935831061182,0.310964737147779,6.6252526164536e-19,"Significant",0,0,"Novel"
"EGR1","EGR1",0,0.0312646451830971,1,1,0,"MTC_123",-0.0312646451830971,-1.41173000408656,1.15858732332522,0.246236230776463,"NS",8.04721030042919,4.39914163090129,"Corroborated"
"EGR2","EGR2",0,0.0288900624428783,1,1,0,"MTC_123",-0.0288900624428783,-1.25882703508987,1.01713202065771,0.977014013451922,"NS",0,1.58730158730159,"Corroborated"
"EGR3","EGR3",0,0.0380792287166271,1,1,0,"MTC_123",-0.0380792287166271,-1.52383917907128,1.7840559280984,8.12695164622119e-06,"Significant",0,0.503778337531486,"Corroborated"
"ELF1","ELF1",0,0.0817146670213138,1,0.999,0,"MTC_123",-0.0817146670213138,-1.3326016923867,4.04962518177072,0.0179187758896461,"Significant",0,1.36986301369863,"Corroborated"
"ELF2","ELF2",0,0.0411342242986735,0.704,0.158,0,"MTC_123",-0.0411342242986735,-0.865632942981455,0.94992957560153,1,"NS",0,0,"Novel"
"ELF4","ELF4",0,0.00363781295197448,0.64,0.363,0,"MTC_456",0.00363781295197448,0.294322166184609,0.171923273303569,0.000472363777902262,"Significant",0,0,"Novel"
"ELK1","ELK1",0,0.00817809398255903,0.722,0.191,0,"MTC_456",0.00817809398255903,0.968028191617279,0.41677738504246,0.00415219307074549,"Significant",0,1.38888888888889,"Corroborated"
"ELK3","ELK3",0,0.0131800622195963,1,1,0,"MTC_123",-0.0131800622195963,-1.03586852463922,0.929594786360213,0.708788803721339,"NS",0,0,"Novel"
"ELK4","ELK4",0,0.0178922535676759,1,0.99,0,"MTC_123",-0.0178922535676759,-1.28113693470291,1.31166448193005,0.390905931858005,"NS",0,0.50761421319797,"Corroborated"
"EP300","EP300",0,0.0241515616904065,1,0.999,0,"MTC_123",-0.0241515616904065,-1.37133130969989,2.31867891418618,1.46310687587684e-07,"Significant",0,0.520833333333333,"Corroborated"
"ERF","ERF",0,0.183899609227491,0.882,0.559,0,"MTC_123",-0.183899609227491,-0.945309794640478,8.20959170423597,0.705634762018071,"NS",0,0,"Novel"
"ETS1","ETS1",0,0.00171577721204061,0.154,0.023,0,"MTC_456",0.00171577721204061,0.419296795343217,0.251166227334561,0.00135036756182914,"Significant",0,0,"Novel"
"ETV3","ETV3",2.13508999732013e-78,0.00284152167244461,0.998,1,5.0174614937023e-76,"MTC_456",0.00284152167244461,0.0901755321548971,1.63620909916494,0.296770914661764,"NS",0,0,"Novel"
"ETV4","ETV4",1.08788565530809e-08,0.000570834229209248,1,1,2.55653128997402e-06,"MTC_123",-0.000570834229209248,-0.0296829753244505,0.143586721169794,1.54396525259331e-13,"Significant",0,0,"Novel"
"ETV5","ETV5",0,0.0363222213532298,1,1,0,"MTC_123",-0.0363222213532298,-1.5692867737392,1.46925766798236,0.24421721495556,"NS",0,0.62111801242236,"Corroborated"
"FLI1","FLI1",0,0.0222932496018599,1,0.997,0,"MTC_123",-0.0222932496018599,-1.5177542662444,0.878608752944209,0.678848871778026,"NS",0,2.11640211640212,"Corroborated"
"FOS","FOS",0,0.114488330944402,1,1,0,"MTC_123",-0.114488330944402,-1.11544021524392,1.82469027515624,0.0671643874976008,"NS",6.2111801242236,9.3167701863354,"Corroborated"
"FOSB","FOSB",0,0.278961594615227,0.996,0.926,0,"MTC_123",-0.278961594615227,-1.14204551859198,8.20959170423597,0.246236230776463,"NS",0,0,"Novel"
"FOSL1","FOSL1",0,0.0244604606775647,1,1,0,"MTC_456",0.0244604606775647,0.979292773090015,0.462272701467778,0.000200037385561787,"Significant",0,0.598802395209581,"Corroborated"
"FOSL2","FOSL2",0,0.0197995061362715,1,1,0,"MTC_456",0.0197995061362715,0.890068614843597,0.994755934597242,0.988595153491323,"NS",0.887573964497041,1.18343195266272,"Corroborated"
"FOXO3","FOXO3",0,0.0252432175508173,1,0.989,0,"MTC_123",-0.0252432175508173,-1.51026296924219,1.62448829991664,0.00487850466014284,"Significant",1.08225108225108,3.03030303030303,"Corroborated"
"GABPB1","GABPB1",0,0.00450446129585455,0.514,0.171,0,"MTC_456",0.00450446129585455,0.616649478659618,0.286600777873963,0.00397734409952958,"Significant",0,0,"Novel"
"GFI1","GFI1",1.02918431518717e-12,0.00179846618577565,0.37,0.349,2.41858314068986e-10,"MTC_456",0.00179846618577565,0.129595122292123,0.306084750256378,0.0177154466182293,"Significant",0,0,"Novel"
"GTF2B","GTF2B",0,0.0898272333551755,1,1,0,"MTC_123",-0.0898272333551755,-1.17188410373857,0.517511181846592,0.312316508603191,"NS",0,0,"Novel"
"GTF2IRD1","GTF2IRD1",2.39484722095883e-11,0.000318515281725945,0.194,0.165,5.62789096925326e-09,"MTC_123",-0.000318515281725945,-0.0878713189868364,0.473424749726673,0.0674453561642996,"NS",0,0,"Novel"
"HES1","HES1",0,0.0165099323334181,1,1,0,"MTC_123",-0.0165099323334181,-1.33780856162143,0.806887392063553,0.117839931338899,"NS",0,0.874125874125874,"Corroborated"
"HLTF","HLTF",0,0.0208024529020056,0.287,0.023,0,"MTC_123",-0.0208024529020056,-0.636660580018796,1.38204679921744,1,"NS",0,0,"Novel"
"HMBOX1","HMBOX1",0,0.0401446101459924,0.591,0.217,0,"MTC_123",-0.0401446101459924,-0.834115811409051,8.20959170423597,0.706890621802086,"NS",0,0,"Novel"
"HMGA1","HMGA1",0,0.0654077341285866,1,0.997,0,"MTC_456",0.0654077341285866,1.57384474816183,0.383711844309939,0.0177154466182293,"Significant",0,2.38095238095238,"Corroborated"
"IKZF1","IKZF1",0,0.0244492080487805,1,1,0,"MTC_123",-0.0244492080487805,-1.37267837949872,1.56085228186408,6.76354356227562e-05,"Significant",0,0.28735632183908,"Corroborated"
"IKZF2","IKZF2",1.45116646556657e-19,0.000480799467103428,0.98,0.996,3.41024119408144e-17,"MTC_456",0.000480799467103428,0.0486847880838451,0.835209020029313,0.359281410123775,"NS",0,0.29940119760479,"Corroborated"
"ING4","ING4",0,0.0523791794533058,0.911,0.3,0,"MTC_123",-0.0523791794533058,-1.2340856499489,0.517838427537733,0.540482512958452,"NS",0,0,"Novel"
"IRF1","IRF1",6.13708252928631e-05,0.0019322784944381,1,1,0.0144221439438228,"MTC_123",-0.0019322784944381,-0.0868239152542181,0.770630017190109,0.113300724329431,"NS",2.5974025974026,4.41558441558442,"Corroborated"
"IRF2","IRF2",1.3553504802826e-169,0.005760394084842,0.928,0.867,3.18507362866412e-167,"MTC_123",-0.005760394084842,-0.309022254703314,1.61362460472317,0.706890621802086,"NS",0,0,"Novel"
"IRF3","IRF3",8.83288722127555e-21,0.000625706909427987,0.289,0.252,2.07572849699975e-18,"MTC_123",-0.000625706909427987,-0.185237787440029,0.360281339148516,0.00166518186342472,"Significant",0,0,"Novel"
"IRF5","IRF5",0,0.0256154023629265,1,1,0,"MTC_123",-0.0256154023629265,-1.28476165485065,1.31488391416575,0.679303549380551,"NS",0,0,"Novel"
"IRF7","IRF7",0,0.0134683285319594,1,0.998,0,"MTC_456",0.0134683285319594,1.16783030376126,0.901049528001301,0.599425744302817,"NS",0.267379679144385,1.60427807486631,"Corroborated"
"IRF8","IRF8",0,0.12408836605314,1,1,0,"MTC_123",-0.12408836605314,-1.39573753258336,8.20959170423597,0.0375405329369712,"Significant",0,3.33333333333333,"Corroborated"
"IRF9","IRF9",0,0.0143381752621367,1,1,0,"MTC_123",-0.0143381752621367,-1.30994732933567,1.77529600509597,0.000560778666803504,"Significant",1.96078431372549,1.56862745098039,"Corroborated"
"JUN","JUN",0,0.111469060831378,1,1,0,"MTC_123",-0.111469060831378,-1.4291408026351,7.20959170423597,3.98245431159055e-05,"Significant",0.78740157480315,10.2362204724409,"Corroborated"
"JUNB","JUNB",0,0.0321048088758853,1,1,0,"MTC_123",-0.0321048088758853,-1.29275725423393,1.11096228957846,0.46611036613107,"NS",0.119760479041916,6.7065868263473,"Corroborated"
"JUND","JUND",0,0.0376092896946767,1,1,0,"MTC_123",-0.0376092896946767,-1.49298357614375,1.66868666747098,0.000275108042278844,"Significant",0.290275761973875,4.93468795355588,"Corroborated"
"KLF13","KLF13",0,0.0211148091730127,1,1,0,"MTC_123",-0.0211148091730127,-1.51506542952862,1.15182451147225,0.578002748050237,"NS",0,0.290697674418605,"Corroborated"
"KLF2","KLF2",0,0.03991798866909,1,1,0,"MTC_123",-0.03991798866909,-1.57293015805989,2.36062467685804,6.19254321745362e-14,"Significant",0,0.827966881324747,"Corroborated"
"KLF3","KLF3",0,0.0215419809015879,1,1,0,"MTC_123",-0.0215419809015879,-1.11617100773619,1.72941196086422,0.0050626655045622,"Significant",0,0,"Novel"
"KLF4","KLF4",0,0.0349472489326497,1,1,0,"MTC_123",-0.0349472489326497,-1.2917217835856,0.688685684689013,0.000872070448223924,"Significant",0.137551581843191,1.65061898211829,"Corroborated"
"KLF6","KLF6",0,0.0567148588314307,1,1,0,"MTC_123",-0.0567148588314307,-1.29504112521011,1.27180643134264,0.229219699828032,"NS",0.25062656641604,1.00250626566416,"Corroborated"
"KLF7","KLF7",0,0.0155385424729778,1,0.854,0,"MTC_123",-0.0155385424729778,-1.47997572272999,0.811435224302254,0.394125794672226,"NS",0,0,"Novel"
"KLF9","KLF9",0,0.0166822019031754,1,1,0,"MTC_123",-0.0166822019031754,-1.37459026199994,0.688537511944067,0.0131396656117428,"Significant",0,0.254452926208651,"Corroborated"
"KMT2B","KMT2B",7.69127351166345e-150,0.0166348211646633,0.526,0.376,1.80744927524091e-147,"MTC_123",-0.0166348211646633,-0.216115455576594,0.345248636221449,0.331336650022536,"NS",0,0,"Novel"
"MAF","MAF",0,0.0290113012571851,1,1,0,"MTC_123",-0.0290113012571851,-1.54063275341448,1.90414114723371,1.47771875369726e-08,"Significant",0,0.192122958693564,"Corroborated"
"MAFB","MAFB",0,0.0542516994870869,1,1,0,"MTC_456",0.0542516994870869,1.65598720245587,0.574368024936927,1.5868044187534e-06,"Significant",0.33955857385399,0.848896434634975,"Corroborated"
"MAFG","MAFG",2.65117161825614e-18,0.00550494298100872,0.999,0.999,6.23025330290193e-16,"MTC_123",-0.00550494298100872,-0.173183400616869,1.20932583218489,1,"NS",0,0,"Novel"
"MBD2","MBD2",0,0.00660771345716085,1,1,0,"MTC_456",0.00660771345716085,0.563515606461808,1.09910487139926,0.706890621802086,"NS",0,0.523560209424084,"Corroborated"
"MITF","MITF",0,0.015205563963774,0.649,0.436,0,"MTC_456",0.015205563963774,0.572308631568496,0.492587584498838,0.191580204404728,"NS",3.7037037037037,3.7037037037037,"Corroborated"
"MTF1","MTF1",0,0.00189609645005675,0.593,0.41,0,"MTC_456",0.00189609645005675,0.535142014993623,0.570194546142492,0.0427278258330904,"Significant",0,1.85185185185185,"Corroborated"
"MYBL1","MYBL1",0,0.00317359304781249,1,0.999,0,"MTC_123",-0.00317359304781249,-0.727859363367616,0.221555655076674,1.06238316702667e-19,"Significant",0,0,"Novel"
"MYBL2","MYBL2",0,0.00434506692569206,1,0.985,0,"MTC_456",0.00434506692569206,0.589585667668197,0.368107902597328,3.3446170301775e-07,"Significant",0,0.595238095238095,"Corroborated"
"MYC","MYC",0,0.025622905181159,1,1,0,"MTC_456",0.025622905181159,1.13132013707287,0.413248351732662,0.000100868410038029,"Significant",3.84615384615385,7.69230769230769,"Corroborated"
"NFATC3","NFATC3",0,0.00766232425941846,0.969,0.692,0,"MTC_123",-0.00766232425941846,-0.942981883418859,0.299147841524416,1.50944897262188e-05,"Significant",0,0,"Novel"
"NFE2L2","NFE2L2",0,0.0135149440520667,1,1,0,"MTC_123",-0.0135149440520667,-0.5747593248942,0.659654348256538,0.0611275717923089,"NS",0.529100529100529,2.11640211640212,"Corroborated"
"NFIA","NFIA",0,0.029466536945274,1,1,0,"MTC_123",-0.029466536945274,-1.45979887077133,3.23098816435272,2.53746251679834e-14,"Significant",0,0.571428571428571,"Corroborated"
"NFIC","NFIC",3.83221357612001e-269,0.00745430730234199,1,1,9.00570190388203e-267,"MTC_123",-0.00745430730234199,-0.405793687739273,1.71053017821309,0.0035094498655124,"Significant",0,0.733496332518337,"Corroborated"
"NFKB2","NFKB2",0,0.105191189929807,0.996,0.843,0,"MTC_123",-0.105191189929807,-0.80705385652978,1.90171607826541,0.695459783667939,"NS",0,20.8333333333333,"Corroborated"
"NFYC","NFYC",0,0.00232246837084377,0.653,0.44,0,"MTC_456",0.00232246837084377,0.428702212303988,0.449624454730892,0.00866281593846402,"Significant",0,0,"Novel"
"NHLH1","NHLH1",0,0.018124093840709,0.997,0.812,0,"MTC_456",0.018124093840709,1.26281978436277,0.223468251377567,7.99147585631396e-07,"Significant",0,0,"Novel"
"NR2C2","NR2C2",0,0.00658416383641117,0.935,0.615,0,"MTC_123",-0.00658416383641117,-0.835836886974766,0.738827508784864,0.452925593275101,"NS",0,0,"Novel"
"NR3C1","NR3C1",0,0.0206446280323019,1,1,0,"MTC_123",-0.0206446280323019,-1.17543248408168,1.05829778276636,0.863214179539536,"NS",0.668896321070234,5.35117056856187,"Corroborated"
"PBX1","PBX1",0,0.00683790093841572,0.239,0.016,0,"MTC_456",0.00683790093841572,0.617845594549548,0.448460500713289,0.273793584471112,"NS",0,0,"Novel"
"PLAG1","PLAG1",0,0.0222208948803992,1,1,0,"MTC_123",-0.0222208948803992,-1.49355702453043,1.36139186911366,0.0463618532626099,"Significant",0,0.175131348511384,"Corroborated"
"POU2F1","POU2F1",0,0.0054198946418071,0.944,0.533,0,"MTC_123",-0.0054198946418071,-0.942237291074598,0.855090135452618,0.624631577425774,"NS",0,0,"Novel"
"POU2F2","POU2F2",1.95547884709315e-101,0.0170181577308213,0.501,0.385,4.59537529066889e-99,"MTC_123",-0.0170181577308213,-0.204495740474938,8.20959170423597,0.705634762018071,"NS",0,0,"Novel"
"POU3F2","POU3F2",0,0.00245286863060091,0.811,0.432,0,"MTC_123",-0.00245286863060091,-0.462551890687937,0.301192506366215,3.09577023020805e-07,"Significant",0,0,"Novel"
"PPARG","PPARG",0,0.0640151302278838,1,1,0,"MTC_456",0.0640151302278838,1.66569745996892,0.962552957052678,0.863214179539536,"NS",0,3.71621621621622,"Corroborated"
"PRDM1","PRDM1",0,0.0480561565496015,0.916,0.763,0,"MTC_123",-0.0480561565496015,-0.67473740234405,0.794120223675121,0.705634762018071,"NS",0,0,"Novel"
"PURA","PURA",0,0.0231365595962069,1,1,0,"MTC_123",-0.0231365595962069,-1.42670189983121,1.93243614651176,1.20172083915433e-07,"Significant",0,0.113122171945701,"Corroborated"
"RARB","RARB",1.21916807213875e-32,0.00314327701891314,0.29,0.237,2.86504496952606e-30,"MTC_123",-0.00314327701891314,-0.188311232882364,0.306084750256378,0.0177154466182293,"Significant",0,0,"Novel"
"RELB","RELB",0,0.0357004079959028,0.719,0.181,0,"MTC_456",0.0357004079959028,1.12089552253908,0.482990243407235,0.292993769313932,"NS",0,21.0526315789474,"Corroborated"
"REST","REST",2.97102305683276e-92,0.00386917185342196,0.165,0.088,6.98190418355698e-90,"MTC_456",0.00386917185342196,0.259456979993487,0.0861376311794497,0.00205902039225842,"Significant",0,0,"Novel"
"RFX5","RFX5",1.93609997577806e-17,0.00121007512715741,0.566,0.534,4.54983494307844e-15,"MTC_123",-0.00121007512715741,-0.175761463332596,0.728353901889399,0.543424312598939,"NS",0,0,"Novel"
"RFXANK","RFXANK",0,0.0556604927975282,0.868,0.565,0,"MTC_456",0.0556604927975282,0.962088335839767,0.863590246746398,1,"NS",0,0,"Novel"
"RXRA","RXRA",1.11421109538887e-137,0.00016772502747921,1,0.996,2.61839607416386e-135,"MTC_123",-0.00016772502747921,-0.0313143265343095,0.811185940742405,0.284180219873617,"NS",0,1.04895104895105,"Corroborated"
"RXRG","RXRG",3.03266355523292e-239,0.00170605774384661,0.117,0.017,7.12675935479737e-237,"MTC_123",-0.00170605774384661,-0.333253009567288,0.0190148853061288,2.98974408424405e-12,"Significant",0,0,"Novel"
"SIN3A","SIN3A",0,0.00324061102234717,0.885,0.691,0,"MTC_123",-0.00324061102234717,-0.449234605665278,0.688746717488732,0.24421721495556,"NS",0,0,"Novel"
"SIRT6","SIRT6",0,0.0177045759414297,0.782,0.275,0,"MTC_456",0.0177045759414297,1.02964152708476,0.344403649099735,0.0283000944261803,"Significant",0,0,"Novel"
"SOX10","SOX10",3.51033607495228e-46,0.00144926134921649,0.545,0.501,8.24928977613785e-44,"MTC_456",0.00144926134921649,0.203355840664687,0.100614035047207,2.54660763707918e-19,"Significant",1.33333333333333,1.33333333333333,"Corroborated"
"SP3","SP3",0,0.0071233297161875,1,0.98,0,"MTC_123",-0.0071233297161875,-0.738880170320459,0.822254368448878,0.312351022184579,"NS",0.617283950617284,3.39506172839506,"Corroborated"
"SPI1","SPI1",0,0.112659895671664,1,1,0,"MTC_456",0.112659895671664,1.49752276149896,1.88763125842741,0.043742374709692,"Significant",3.01204819277108,0.602409638554217,"Corroborated"
"SREBF1","SREBF1",0,0.00685680019783268,1,1,0,"MTC_123",-0.00685680019783268,-0.72806778727595,0.678180541603453,0.0293511799998809,"Significant",0.719424460431655,1.79856115107914,"Corroborated"
"STAT1","STAT1",0,0.0215444717495478,1,1,0,"MTC_456",0.0215444717495478,1.52849400534034,0.854049175596085,0.359281410123775,"NS",14.8837209302326,9.06976744186047,"Corroborated"
"TAF1","TAF1",0,0.0135122597511384,1,0.999,0,"MTC_123",-0.0135122597511384,-1.23886327598125,0.943674626095769,0.841839489913056,"NS",0,0.966183574879227,"Corroborated"
"TAL1","TAL1",0,0.0730829967631221,1,0.996,0,"MTC_123",-0.0730829967631221,-1.69439131216858,2.86561840934699,0.00214803660033138,"Significant",6.36942675159236,1.91082802547771,"Corroborated"
"TCF4","TCF4",0,0.121838387275754,1,0.901,0,"MTC_123",-0.121838387275754,-1.4951864433972,8.20959170423597,0.0792586842574819,"NS",0,0,"Novel"
"TERF2","TERF2",3.01293409479857e-09,0.00254301177816513,0.312,0.361,7.08039512277663e-07,"MTC_456",0.00254301177816513,0.0552070837891209,1.03636980579927,1,"NS",0,0,"Novel"
"TFAP2C","TFAP2C",0,0.0127493772217607,1,0.988,0,"MTC_456",0.0127493772217607,0.939915099210017,0.491223287033248,0.00137367250246394,"Significant",10.3225806451613,0.645161290322581,"Corroborated"
"TFDP1","TFDP1",0,0.00716087114418938,0.999,0.998,0,"MTC_456",0.00716087114418938,0.944403351567285,0.288802656639981,6.47490748777158e-09,"Significant",2.36220472440945,1.5748031496063,"Corroborated"
"TFE3","TFE3",0,0.00541841553508986,0.427,0.135,0,"MTC_456",0.00541841553508986,0.634225163876317,0.566638527977866,0.303527328678332,"NS",0,0,"Novel"
"THAP11","THAP11",0,0.00896985028282939,1,1,0,"MTC_123",-0.00896985028282939,-0.971602839129073,0.707305440690264,0.0657150111307459,"NS",0,0.36101083032491,"Corroborated"
"THRA","THRA",0,0.00488873757356478,0.964,0.693,0,"MTC_123",-0.00488873757356478,-0.98909938646413,0.638388074739944,0.0595135205909205,"NS",0,0,"Novel"
"TRIM28","TRIM28",0,0.0158711207974291,1,0.989,0,"MTC_123",-0.0158711207974291,-1.1294072476795,1.13583001674517,0.752956506272921,"NS",0,0,"Novel"
"USF1","USF1",0,0.0144591658505962,0.817,0.507,0,"MTC_456",0.0144591658505962,1.01737580721032,0.10575958040383,3.67648233186086e-12,"Significant",0,2.12765957446809,"Corroborated"
"USF2","USF2",0,0.0201850595278025,1,1,0,"MTC_123",-0.0201850595278025,-0.754415929518,0.901820918081278,0.71450264572442,"NS",0,1.45985401459854,"Corroborated"
"VDR","VDR",0,0.0846401838172061,0.872,0.715,0,"MTC_456",0.0846401838172061,0.95388909090795,8.20959170423597,1,"NS",0,0,"Novel"
"XBP1","XBP1",0,0.0682710451217676,1,0.987,0,"MTC_456",0.0682710451217676,1.21602241782666,1.96046478062996,0.485289800284243,"NS",0,5.40540540540541,"Corroborated"
"YBX1","YBX1",0,0.0850883811511201,1,0.992,0,"MTC_456",0.0850883811511201,1.67641303465061,0.847188631933922,0.705634762018071,"NS",0,0,"Novel"
"YY1","YY1",0,0.0317940569031345,1,1,0,"MTC_123",-0.0317940569031345,-1.22794690216069,1.9874905890028,0.000455858286892004,"Significant",0.523560209424084,1.04712041884817,"Corroborated"
"ZBTB10","ZBTB10",1.57386759732741e-190,0.00138657516992998,0.219,0.09,3.6985888537194e-188,"MTC_123",-0.00138657516992998,-0.278229699760532,0.6514525695696,0.396796749773,"NS",0,0,"Novel"
"ZBTB11","ZBTB11",1.02887113603609e-41,0.019498234725165,0.837,0.743,2.4178471696848e-39,"MTC_123",-0.019498234725165,-0.126955459820121,8.20959170423597,1,"NS",0,0,"Novel"
"ZBTB14","ZBTB14",0,0.0301507647944128,1,0.693,0,"MTC_123",-0.0301507647944128,-1.49606444620657,0.258097175413909,0.00533534351850613,"Significant",0,0,"Novel"
"ZBTB18","ZBTB18",3.7755887736539e-201,0.000885309687079103,0.205,0.08,8.87263361808666e-199,"MTC_123",-0.000885309687079103,-0.320460994460201,1.76531538254974,0.387465083733648,"NS",0,0,"Novel"
"ZBTB33","ZBTB33",0,0.00149552234480777,0.954,0.855,0,"MTC_123",-0.00149552234480777,-0.56480157537291,0.983726303062194,0.977801223739052,"NS",0.452488687782805,0,"Corroborated"
"ZBTB37","ZBTB37",0,0.0201971329816218,0.999,0.823,0,"MTC_123",-0.0201971329816218,-1.11710584320205,1.8327480413416,0.00125711888293764,"Significant",0,0,"Novel"
"ZBTB7A","ZBTB7A",0,0.00433402520617533,1,1,0,"MTC_123",-0.00433402520617533,-0.431940711774815,1.58194002179298,0.00294807145358491,"Significant",0,0.350877192982456,"Corroborated"
"ZFX","ZFX",0,0.0069913971510107,0.986,0.766,0,"MTC_123",-0.0069913971510107,-0.827936326748477,0.933084236598775,0.830529322763572,"NS",0,0,"Novel"
"ZNF100","ZNF100",0,0.010363187420985,0.999,0.895,0,"MTC_123",-0.010363187420985,-0.982203779605151,1.04934297639776,0.93062111731505,"NS",0,0,"Novel"
"ZNF131","ZNF131",0,0.0322009108286447,0.965,0.645,0,"MTC_123",-0.0322009108286447,-0.855563062722441,0.921068026803376,0.834413714472473,"NS",0,0,"Novel"
"ZNF148","ZNF148",0,0.0176324112953285,1,0.967,0,"MTC_123",-0.0176324112953285,-1.2126579859104,1.56103019545577,0.00322675592555427,"Significant",0.171526586620926,0.343053173241852,"Corroborated"
"ZNF200","ZNF200",2.10806934523661e-77,0.000391150265833409,0.169,0.094,4.95396296130602e-75,"MTC_123",-0.000391150265833409,-0.203219571560133,0.678783569984688,0.26441586394276,"NS",0,0,"Novel"
"ZNF226","ZNF226",0,0.00191225026264566,0.164,0.028,0,"MTC_123",-0.00191225026264566,-0.391557303725603,0.51711130638788,0.223699074710953,"NS",0,0,"Novel"
"ZNF250","ZNF250",0,0.00764771860818062,0.906,0.444,0,"MTC_123",-0.00764771860818062,-1.02530700594788,0.615133482091593,0.199225433180484,"NS",0,0,"Novel"
"ZNF367","ZNF367",0,0.0270380063693169,0.908,0.541,0,"MTC_456",0.0270380063693169,1.00499320194809,0.0937352696100753,2.48994061972015e-05,"Significant",0,0,"Novel"
"ZNF384","ZNF384",1.07970247740415e-209,0.000932024898171391,0.579,0.406,2.53730082189974e-207,"MTC_123",-0.000932024898171391,-0.311015753992469,0.375028536890538,0.000131666371424899,"Significant",0,1.01010101010101,"Corroborated"
"ZNF460","ZNF460",0,0.00349795999232112,0.939,0.63,0,"MTC_123",-0.00349795999232112,-0.686591611469564,0.52707097953899,0.00147465906824043,"Significant",0,0,"Novel"
"ZNF516","ZNF516",0,0.0114658409938723,0.868,0.478,0,"MTC_123",-0.0114658409938723,-0.977388944618167,1.34847426354958,0.755288602486726,"NS",0,0,"Novel"
"ZNF518A","ZNF518A",0,0.0122006986235632,0.636,0.064,0,"MTC_123",-0.0122006986235632,-0.762024195124718,6.93028933832967,0.0519228125647074,"NS",0,0,"Novel"
"ZNF557","ZNF557",2.70679972680604e-153,0.0125355753837603,0.415,0.263,6.36097935799419e-151,"MTC_456",0.0125355753837603,0.257906367644833,8.20959170423597,0.705634762018071,"NS",0,0,"Novel"
"ZNF641","ZNF641",0,0.0171626111938282,1,0.974,0,"MTC_123",-0.0171626111938282,-1.06272348374729,2.55601169838973,0.136884870972581,"NS",0,0,"Novel"
"ZNF740","ZNF740",0,0.00127007032730686,0.551,0.185,0,"MTC_123",-0.00127007032730686,-0.658960844624985,0.465407091842647,0.00128059720956389,"Significant",0,0,"Novel"
"ZNF75A","ZNF75A",2.40847198732487e-35,0.00253092239977585,0.71,0.618,5.65990917021345e-33,"MTC_123",-0.00253092239977585,-0.0977835128549685,0.748192645820774,0.805846837831666,"NS",0,0,"Novel"
"ZNF76","ZNF76",2.26553286153993e-194,0.00172444272251626,0.497,0.312,5.32400222461883e-192,"MTC_123",-0.00172444272251626,-0.227418848940485,0.459439769710941,0.098998912114822,"NS",0,0,"Novel"
"ZNF783","ZNF783",0,0.00178980065241746,0.798,0.536,0,"MTC_123",-0.00178980065241746,-0.647566894457456,1.03065182522858,1,"NS",0,0,"Novel"
"ZNF90","ZNF90",0,0.00686507893912528,0.894,0.403,0,"MTC_123",-0.00686507893912528,-0.880398828019926,0.563273106245011,0.041499527622558,"Significant",0,0,"Novel"
"ZSCAN29","ZSCAN29",8.02740212103407e-43,0.00363553915380591,0.625,0.537,1.88643949844301e-40,"MTC_123",-0.00363553915380591,-0.147821583712774,0.431325870983623,0.2354312758494,"NS",0,0,"Novel"
"ZSCAN30","ZSCAN30",0,0.0169638474335429,1,0.838,0,"MTC_123",-0.0169638474335429,-1.20639211283611,1.81125554775346,0.00305293113807116,"Significant",0,0,"Novel"
