"TF_symbol","out_strength","betweenness","log2FC","p_val_adj"
"MAF",31228.1677240651,163973,-0.0290113012571851,0
"JUNB",13853.7129656358,67570,-0.0321048088758853,0
"KLF2",13372.8781144832,148956,-0.03991798866909,0
"JUND",12803.090291699,163602,-0.0376092896946767,0
"FOS",12252.8484840223,325253,-0.114488330944402,0
"FOSL2",10194.6985564507,62415,0.0197995061362715,0
"BACH1",9746.11886080899,41322,-0.018163821718983,0
"NFIA",9457.77400231846,79454,-0.029466536945274,0
"ATF3",9284.10135831024,150945,-0.00931964798904819,6.32162826072622e-124
"EGR3",8810.67777002771,209545,-0.0380792287166271,0
"JUN",8468.50765192139,55890,-0.111469060831378,0
"BHLHE41",8232.54696504766,229078,-0.0548842725169017,0
"EGR1",8084.92662361426,8866,-0.0312646451830971,0
"EGR2",7937.54097174764,14248,-0.0288900624428783,0
"MAFB",7652.78012578143,36270,0.0542516994870869,0
"STAT1",7600.72488351307,38413,0.0215444717495478,0
"E2F8",6447.56688575877,17368,0.00150832470698996,1.55424104878448e-125
"IKZF1",6020.43692425259,24799,-0.0244492080487805,0
"KLF4",5885.04514583986,27284,-0.0349472489326497,0
"IRF7",5833.93190919955,50115,0.0134683285319594,0
"KLF6",5422.59545299001,185310,-0.0567148588314307,0
"CEBPB",5288.20356562871,63563,-0.00710824449991278,2.01756617914257e-126
"CHD1",4792.32140786534,60123,-0.0223164637025531,0
"E2F1",4745.00657348942,43577,0.00154385440161934,6.23501944243651e-141
"PURA",4547.43822515659,13806,-0.0231365595962069,0
"MAFF",4332.73090985569,78146,0.00454258950501096,1
"CEBPA",3783.54396171732,68804,-0.0304501108907397,0
"CEBPD",3457.24819164235,111859,-0.110879194440477,0
"IRF9",3428.13092082688,31923,-0.0143381752621367,0
"IRF1",3116.61420831699,54306,-0.0019322784944381,0.0144221439438228
"PPARG",3054.54721610606,8522,0.0640151302278838,0
"E2F2",2941.39573031369,62370,0.00121489386407529,1.91637594938612e-74
"E2F7",2877.71126317789,4157,-0.00341063759262865,0
"MBD2",2782.03995778678,7354,0.00660771345716085,0
"MYBL2",2539.78658611908,3314,0.00434506692569206,0
"ATF4",2469.16723215823,4176,-0.0207139278578177,0
"EP300",2399.83143941069,4119,-0.0241515616904065,0
"NFIC",2188.86262554713,44396,-0.00745430730234199,9.00570190388203e-267
"FOXO3",2124.86328067852,59371,-0.0252432175508173,0
"HES1",1888.47733400342,10583,-0.0165099323334181,0
"USF2",1878.30967055435,8152,-0.0201850595278025,0
"SPI1",1758.75129825019,9878,0.112659895671664,0
"BCL6",1704.1541794267,2533,-0.00597810148551185,2.02559309928052e-205
"FOSB",1678.05548382932,54739,-0.278961594615227,0
"PLAG1",1669.18334895921,55193,-0.0222208948803992,0
"ZBTB37",1605.28727229447,6996,-0.0201971329816218,0
"ZNF148",1458.65107323597,1749,-0.0176324112953285,0
"IRF8",1421.41139988314,1569,-0.12408836605314,0
"YY1",1391.4873088818,44577,-0.0317940569031345,0
"BPTF",1390.45163895759,1080,-0.087864554884263,0
"TAL1",1329.23837601164,2905,-0.0730829967631221,0
"ZBTB7A",1293.97462015357,7176,-0.00433402520617533,0
"ATF5",1058.00065428534,4735,0.0445527824326567,0
"YBX1",1053.1314481889,1553,0.0850883811511201,0
"MYBL1",1004.39011026759,1673,-0.00317359304781249,0
"TFAP2C",1001.32066601152,6227,0.0127493772217607,0
"ZSCAN30",993.140986466616,0,-0.0169638474335429,0
"DDIT3",973.531669693427,35960,0.00932621694799426,4.70852550600091e-12
"KLF3",951.682755048353,6169,-0.0215419809015879,0
"KLF9",894.905642483094,11155,-0.0166822019031754,0
"TCF4",888.633037034293,681,-0.121838387275754,0
"IKZF2",867.924060534015,5455,0.000480799467103428,3.41024119408144e-17
"BCLAF1",858.97166773228,33058,-0.0489439613264045,0
"ELF1",832.95474265295,414,-0.0817146670213138,0
"ETV5",828.445725420224,8813,-0.0363222213532298,0
"ARID3A",775.02397261407,23479,-0.0347759371740408,0
"DBP",768.403393572457,72480,-0.0577797660788091,0
"MYC",750.193732454539,5691,0.025622905181159,0
"XBP1",726.247711354679,2407,0.0682710451217676,0
"THAP11",699.963998216009,56205,-0.00896985028282939,0
"USF1",653.827196351604,0,0.0144591658505962,0
"KLF13",617.324404788344,459,-0.0211148091730127,0
"RXRA",582.533095611285,35053,-0.00016772502747921,2.61839607416386e-135
"ETV4",566.499941453869,0,-0.000570834229209248,2.55653128997402e-06
"MITF",560.068710435462,10307,0.015205563963774,0
"FLI1",543.90765325571,54632,-0.0222932496018599,0
"FOSL1",519.64340364717,4738,0.0244604606775647,0
"ZNF100",511.087116649117,0,-0.010363187420985,0
"ELK3",506.752591667324,26626,-0.0131800622195963,0
"POU2F2",487.40439911304,205,-0.0170181577308213,4.59537529066889e-99
"RELB",469.98010661051,996,0.0357004079959028,0
"KLF7",419.095449997511,5292,-0.0155385424729778,0
"NR3C1",417.858461245295,1098,-0.0206446280323019,0
"SREBF1",396.026432606349,48786,-0.00685680019783268,0
"PAX3",391.889251395187,1677,NA,NA
"MXI1",386.830647700899,20917,0.00179127315277866,1
"SP3",383.887841883943,5123,-0.0071233297161875,0
"ETV3",371.674639809149,4538,0.00284152167244461,5.0174614937023e-76
"PRDM1",351.380006589358,256,-0.0480561565496015,0
"POU3F2",335.455687910978,23806,-0.00245286863060091,0
"ELK1",315.640187265895,1759,0.00817809398255903,0
"E2F3",313.620389301404,969,0.0013489777448494,6.26965297950504e-26
"NHLH1",312.746155244496,2643,0.018124093840709,0
"NFE2L2",299.022422393135,892,-0.0135149440520667,0
"TRIM28",285.332320062111,256,-0.0158711207974291,0
"IRF5",284.327024111477,2437,-0.0256154023629265,0
"ELK4",275.90711738319,450,-0.0178922535676759,0
"ZFX",257.179062978046,4452,-0.0069913971510107,0
"SOX10",245.760565971182,652,0.00144926134921649,8.24928977613785e-44
"ZNF460",240.704358986923,0,-0.00349795999232112,0
"ZBTB33",236.497880695747,9890,-0.00149552234480777,0
"TAF1",235.271910401605,705,-0.0135122597511384,0
"AR",234.86000308005,6858,0.021021463679288,0
"NFKB2",232.047119686251,579,-0.105191189929807,0
"POU2F1",229.145456353253,28812,-0.0054198946418071,0
"MAFG",226.875228445391,48260,-0.00550494298100872,6.23025330290193e-16
"ZNF783",226.655757448066,4585,-0.00178980065241746,0
"CEBPG",225.346838250064,11138,-0.00129933845940891,8.2969976591352e-187
"SOX8",218.401924056058,494,NA,NA
"IRF2",212.970815199925,2013,-0.005760394084842,3.18507362866412e-167
"E2F6",208.989425249464,1090,0.0028248420557504,0
"CEBPE",206.44974109751,1756,-0.000793556724697398,1
"ZNF518A",205.444895095753,5744,-0.0122006986235632,0
"ZNF740",204.765983306465,419,-0.00127007032730686,0
"ZNF641",195.636933346793,4624,-0.0171626111938282,0
"GTF2IRD1",189.768134589399,1673,-0.000318515281725945,5.62789096925326e-09
"ETS1",185.787013434702,2160,0.00171577721204061,0
"HMGA1",182.955378451221,53573,0.0654077341285866,0
"ATF1",169.98183046857,2099,0.0134508020486533,0
"THRA",164.686889152852,628,-0.00488873757356478,0
"SOX21",159.076738517203,1546,NA,NA
"POU5F1",156.843647043888,456,NA,NA
"ZBTB18",155.530595234015,18075,-0.000885309687079103,8.87263361808666e-199
"TFDP1",153.88910475294,33968,0.00716087114418938,0
"KMT2B",151.63549615014,0,-0.0166348211646633,1.80744927524091e-147
"ERF",151.236525649958,7,-0.183899609227491,0
"EMX2",148.886632707264,186,NA,NA
"ZBTB11",139.311356720027,179,-0.019498234725165,2.4178471696848e-39
"CRX",138.056377146876,148,-0.00183271811697299,1
"GTF2B",136.893726322234,1249,-0.0898272333551755,0
"RARB",135.364682032303,1259,-0.00314327701891314,2.86504496952606e-30
"ZNF516",130.464026650947,1058,-0.0114658409938723,0
"TBX21",127.159079136648,9059,NA,NA
"MTF1",120.95870846432,0,0.00189609645005675,0
"HEY1",119.296268019543,297,NA,NA
"NFYC",116.5598425381,40684,0.00232246837084377,0
"NFE2L1",115.414936198904,661,NA,NA
"GATA3",110.195263874792,542,NA,NA
"ZNF90",105.905974432702,0,-0.00686507893912528,0
"NFATC3",104.652095985408,613,-0.00766232425941846,0
"HMBOX1",104.153988422987,43655,-0.0401446101459924,0
"RFX5",103.056717418332,585,-0.00121007512715741,4.54983494307844e-15
"HOXB7",101.072496385682,298,NA,NA
"ZNF384",99.1156290540322,520,-0.000932024898171391,2.53730082189974e-207
"ZNF571",98.3127044047206,0,NA,NA
"ELF2",98.2713413212282,153,-0.0411342242986735,0
"TBP",97.2637147193347,1160,NA,NA
"VDR",95.7160103801106,270,0.0846401838172061,0
"ZNF217",92.7055690848492,21445,NA,NA
"ELF4",89.5738347605532,937,0.00363781295197448,0
"SREBF2",89.4338304976428,2237,NA,NA
"TFE3",89.2181923992622,494,0.00541841553508986,0
"RXRG",88.8284882673267,197,-0.00170605774384661,7.12675935479737e-237
"HIC1",87.5433892252792,298,NA,NA
"SIN3A",87.5185151736284,5835,-0.00324061102234717,0
"ZNF200",85.4772891583058,5445,-0.000391150265833409,4.95396296130602e-75
"NR2C2",85.1051479725072,266,-0.00658416383641117,0
"ZNF91",83.1354778529899,426,NA,NA
"TEAD1",80.2620711123289,1364,NA,NA
"PAX5",80.0644702070926,22,NA,NA
"ZNF354A",78.5507731705239,303,NA,NA
"IRF3",77.7784450793776,0,-0.000625706909427987,2.07572849699975e-18
"ZNF131",76.0194334644857,0,-0.0322009108286447,0
"GFI1",72.2832642653394,426,0.00179846618577565,2.41858314068986e-10
"SIRT6",71.2381778900821,482,0.0177045759414297,0
"ZNF181",69.6751209490058,0,NA,NA
"GLI1",69.4980192477818,157,NA,NA
"SP2",68.6695699250747,1373,NA,NA
"ZNF69",68.1751707451204,9634,NA,NA
"ZNF34",67.4481770453914,789,NA,NA
"SOX12",66.5176707895632,1378,NA,NA
"ZNF449",66.316372006539,0,NA,NA
"TCF7",65.1124408063148,422,NA,NA
"HLTF",64.2916537120273,297,-0.0208024529020056,0
"ZNF367",63.8018460183472,43020,0.0270380063693169,0
"RFX4",62.9513033277499,662,NA,NA
"PBX1",62.2236455413962,577,0.00683790093841572,0
"NFATC4",61.6478555281772,142,NA,NA
"ZNF625",59.4127002653828,0,NA,NA
"ING4",57.3272485965151,419,-0.0523791794533058,0
"MNT",55.8562942049789,494,NA,NA
"TAF6",54.1696110802207,0,NA,NA
"ZNF226",54.0738707043989,472,-0.00191225026264566,0
"NR2F2",53.7243843227327,16,NA,NA
"PRDM15",53.5984363718823,416,NA,NA
"ZNF250",51.7491487521152,7002,-0.00764771860818062,0
"ZNF557",51.4639190240694,21,0.0125355753837603,6.36097935799419e-151
"ZNF75A",50.9523323309382,842,-0.00253092239977585,5.65990917021345e-33
"HDX",50.6095741432783,414,NA,NA
"ZNF184",50.1498035847339,503,NA,NA
"GFI1B",49.7340658895733,156,NA,NA
"MGA",49.3383196757571,499,NA,NA
"ETV7",48.4634327527261,556,NA,NA
"POU2AF1",47.6999085027951,8,NA,NA
"ZBTB10",45.9819332566315,334,-0.00138657516992998,3.6985888537194e-188
"NFATC1",44.8017846705183,252,NA,NA
"GBX2",44.6093563149692,30,NA,NA
"ZNF33A",43.4294781683213,9,NA,NA
"PRRX1",42.5083259808893,183,NA,NA
"FOXK1",40.077663694865,405,NA,NA
"ZKSCAN8",39.4846096839981,159,NA,NA
"GABPB1",38.0266167664533,14405,0.00450446129585455,0
"TERF2",37.2853601818785,0,0.00254301177816513,7.08039512277663e-07
"ZNF551",36.5276547199909,0,NA,NA
"VPS72",36.0035076848759,0,NA,NA
"CREB3",35.8130617386134,5299,NA,NA
"ZNF639",35.802175435309,559,-0.000601495501243099,1
"ZNF76",34.3187357237103,792,-0.00172444272251626,5.32400222461883e-192
"ZSCAN29",33.6646408782912,0,-0.00363553915380591,1.88643949844301e-40
"STAT2",31.948051953302,137,NA,NA
"RFX2",31.8074588925322,91,NA,NA
"ZBTB14",30.0462607420473,450,-0.0301507647944128,0
"RFXANK",30.0102418161352,0,0.0556604927975282,0
"ZBTB12",29.2805705263377,286,NA,NA
"STAT5A",28.5357950326696,425,NA,NA
"ZNF429",28.3142572676828,0,NA,NA
"ZNF620",27.9145027678239,255,NA,NA
"TEAD4",27.1963742057192,352,NA,NA
"ZNF587",27.0083656531113,142,NA,NA
"REST",26.5350155227073,414,0.00386917185342196,6.98190418355698e-90
"ZNF3",26.340504664043,1287,NA,NA
"HMG20B",24.8264932749488,477,NA,NA
"ZFP90",24.7776789601917,0,NA,NA
"ZNF236",24.4233356672936,0,NA,NA
"ZNF483",21.7458577427553,34457,NA,NA
"NFYB",21.0599625335747,148,NA,NA
"SRF",20.6786693773636,5696,NA,NA
"ZNF496",19.2059790759554,142,NA,NA
"ZNF790",18.9368225839703,70,NA,NA
"SNAI3",18.8588800015762,174,NA,NA
"SOX11",16.4714150967255,188,NA,NA
"HOXA10",13.5905231063003,0,NA,NA
"ATF2",13.5263375835249,314,NA,NA
"NFE2",13.1741044665722,357,NA,NA
"MAX",9.07471674910365,164,NA,NA
