panel,trait,trait_label,group,n_cell,n_ctrl,assoc_mcz,assoc_mcp,assoc_mcp_reported,assoc_mcp_at_floor,significant_p05,hetero_mcz,hetero_mcp
Figure 2B,ich,Intracerebral hemorrhage (all),MTC_1,12448,100,-1.205183,0.8910891,0.8911,FALSE,FALSE,0.3863614,0.34653464
Figure 2B,ich,Intracerebral hemorrhage (all),MTC_2,14089,100,-1.1112688,0.8613861,0.8614,FALSE,FALSE,1.7794124,0.03960396
Figure 2B,ich,Intracerebral hemorrhage (all),MTC_3,10572,100,0.08655539,0.4950495,0.495,FALSE,FALSE,0.07727999,0.47524753
Figure 2B,ich,Intracerebral hemorrhage (all),MTC_4,9217,100,1.7970688,0.06930693,0.06931,FALSE,FALSE,0.305413,0.32673267
Figure 2B,ich,Intracerebral hemorrhage (all),MTC_5,7177,100,1.8160089,0.02970297,0.0297,FALSE,TRUE,-0.02983264,0.48514852
Figure 2B,ich,Intracerebral hemorrhage (all),MTC_6,23322,100,1.1260298,0.13861386,0.1386,FALSE,FALSE,0.018280163,0.42574257
Figure 2B,ich,Intracerebral hemorrhage (all),MTC_Prolif,655,100,0.22912098,0.35643566,0.3564,FALSE,FALSE,1.0532768,0.13861386
Figure 2B,ich_deep,"Intracerebral hemorrhage, deep (non-lobar)",MTC_1,12448,100,-3.338688,1.0,1,FALSE,FALSE,-0.07717425,0.5049505
Figure 2B,ich_deep,"Intracerebral hemorrhage, deep (non-lobar)",MTC_2,14089,100,-2.7598495,1.0,1,FALSE,FALSE,1.2840327,0.089108914
Figure 2B,ich_deep,"Intracerebral hemorrhage, deep (non-lobar)",MTC_3,10572,100,-1.261107,0.9009901,0.901,FALSE,FALSE,0.4482118,0.28712872
Figure 2B,ich_deep,"Intracerebral hemorrhage, deep (non-lobar)",MTC_4,9217,100,2.6495557,0.01980198,0.0198,FALSE,TRUE,2.3577962,0.01980198
Figure 2B,ich_deep,"Intracerebral hemorrhage, deep (non-lobar)",MTC_5,7177,100,3.7002099,0.00990099,<0.0099,TRUE,TRUE,0.49283624,0.28712872
Figure 2B,ich_deep,"Intracerebral hemorrhage, deep (non-lobar)",MTC_6,23322,100,3.4557898,0.00990099,<0.0099,TRUE,TRUE,2.1255887,0.02970297
Figure 2B,ich_deep,"Intracerebral hemorrhage, deep (non-lobar)",MTC_Prolif,655,100,-0.57922983,0.6930693,0.6931,FALSE,FALSE,0.90905035,0.16831683
Figure 2B,ich_lobar,"Intracerebral hemorrhage, lobar",MTC_1,12448,100,-0.9899603,0.8118812,0.8119,FALSE,FALSE,-0.3330511,0.57425743
Figure 2B,ich_lobar,"Intracerebral hemorrhage, lobar",MTC_2,14089,100,-0.60030156,0.7029703,0.703,FALSE,FALSE,0.22135256,0.37623763
Figure 2B,ich_lobar,"Intracerebral hemorrhage, lobar",MTC_3,10572,100,0.52420926,0.31683168,0.3168,FALSE,FALSE,-0.14620328,0.55445546
Figure 2B,ich_lobar,"Intracerebral hemorrhage, lobar",MTC_4,9217,100,2.4472523,0.03960396,0.0396,FALSE,TRUE,0.77766836,0.18811882
Figure 2B,ich_lobar,"Intracerebral hemorrhage, lobar",MTC_5,7177,100,2.0036106,0.03960396,0.0396,FALSE,TRUE,0.15132008,0.35643566
Figure 2B,ich_lobar,"Intracerebral hemorrhage, lobar",MTC_6,23322,100,0.03791899,0.4950495,0.495,FALSE,FALSE,1.2177143,0.12871288
Figure 2B,ich_lobar,"Intracerebral hemorrhage, lobar",MTC_Prolif,655,100,2.6570563,0.01980198,0.0198,FALSE,TRUE,-0.132921,0.55445546
Figure 2B,stroke,Ischemic stroke (all),MTC_1,12448,100,0.068509735,0.47524753,0.4752,FALSE,FALSE,-0.7651395,0.76237625
Figure 2B,stroke,Ischemic stroke (all),MTC_2,14089,100,-1.153305,0.9009901,0.901,FALSE,FALSE,-2.008397,0.990099
Figure 2B,stroke,Ischemic stroke (all),MTC_3,10572,100,-0.3693821,0.7029703,0.703,FALSE,FALSE,1.0670023,0.15841584
Figure 2B,stroke,Ischemic stroke (all),MTC_4,9217,100,1.8130177,0.04950495,0.0495,FALSE,TRUE,0.8370247,0.15841584
Figure 2B,stroke,Ischemic stroke (all),MTC_5,7177,100,1.6295054,0.04950495,0.0495,FALSE,TRUE,1.0996608,0.16831683
Figure 2B,stroke,Ischemic stroke (all),MTC_6,23322,100,0.32790715,0.28712872,0.2871,FALSE,FALSE,-0.56170154,0.7326733
Figure 2B,stroke,Ischemic stroke (all),MTC_Prolif,655,100,1.5055606,0.089108914,0.08911,FALSE,FALSE,0.62056667,0.22772278
Figure 2B,stroke_ce,"Ischemic stroke, cardioembolic",MTC_1,12448,100,-0.5661534,0.7326733,0.7327,FALSE,FALSE,0.59299356,0.26732674
Figure 2B,stroke_ce,"Ischemic stroke, cardioembolic",MTC_2,14089,100,-1.058813,0.8712871,0.8713,FALSE,FALSE,0.05627719,0.43564355
Figure 2B,stroke_ce,"Ischemic stroke, cardioembolic",MTC_3,10572,100,-0.7117458,0.75247526,0.7525,FALSE,FALSE,0.061406687,0.5148515
Figure 2B,stroke_ce,"Ischemic stroke, cardioembolic",MTC_4,9217,100,-0.20874721,0.55445546,0.5545,FALSE,FALSE,-0.48181087,0.6633663
Figure 2B,stroke_ce,"Ischemic stroke, cardioembolic",MTC_5,7177,100,1.2690698,0.12871288,0.1287,FALSE,FALSE,-1.7947211,0.990099
Figure 2B,stroke_ce,"Ischemic stroke, cardioembolic",MTC_6,23322,100,1.5748638,0.06930693,0.06931,FALSE,FALSE,-0.41679934,0.62376237
Figure 2B,stroke_ce,"Ischemic stroke, cardioembolic",MTC_Prolif,655,100,2.4230733,0.02970297,0.0297,FALSE,TRUE,0.49279103,0.27722773
Figure 2B,stroke_lvd,"Ischemic stroke, large-vessel disease",MTC_1,12448,100,-0.413769,0.63366336,0.6337,FALSE,FALSE,-1.1009638,0.8613861
Figure 2B,stroke_lvd,"Ischemic stroke, large-vessel disease",MTC_2,14089,100,-0.98647535,0.8613861,0.8614,FALSE,FALSE,0.050935734,0.44554454
Figure 2B,stroke_lvd,"Ischemic stroke, large-vessel disease",MTC_3,10572,100,-1.2641085,0.9009901,0.901,FALSE,FALSE,2.8197575,0.02970297
Figure 2B,stroke_lvd,"Ischemic stroke, large-vessel disease",MTC_4,9217,100,0.89531803,0.1980198,0.198,FALSE,FALSE,-0.9758144,0.8811881
Figure 2B,stroke_lvd,"Ischemic stroke, large-vessel disease",MTC_5,7177,100,0.92823297,0.14851485,0.1485,FALSE,FALSE,-0.2708113,0.57425743
Figure 2B,stroke_lvd,"Ischemic stroke, large-vessel disease",MTC_6,23322,100,1.5212897,0.07920792,0.07921,FALSE,FALSE,-0.6278902,0.6831683
Figure 2B,stroke_lvd,"Ischemic stroke, large-vessel disease",MTC_Prolif,655,100,-0.006321581,0.47524753,0.4752,FALSE,FALSE,1.0038007,0.16831683
Figure 2B,stroke_svd,"Ischemic stroke, small-vessel disease",MTC_1,12448,100,-1.8092349,0.96039605,0.9604,FALSE,FALSE,0.19949909,0.3960396
Figure 2B,stroke_svd,"Ischemic stroke, small-vessel disease",MTC_2,14089,100,-1.3146416,0.9108911,0.9109,FALSE,FALSE,-0.2917404,0.62376237
Figure 2B,stroke_svd,"Ischemic stroke, small-vessel disease",MTC_3,10572,100,-1.0332122,0.85148513,0.8515,FALSE,FALSE,0.39340675,0.32673267
Figure 2B,stroke_svd,"Ischemic stroke, small-vessel disease",MTC_4,9217,100,1.8009233,0.04950495,0.0495,FALSE,TRUE,0.2958605,0.33663365
Figure 2B,stroke_svd,"Ischemic stroke, small-vessel disease",MTC_5,7177,100,2.7387183,0.01980198,0.0198,FALSE,TRUE,0.34165367,0.3069307
Figure 2B,stroke_svd,"Ischemic stroke, small-vessel disease",MTC_6,23322,100,1.9122263,0.06930693,0.06931,FALSE,FALSE,0.07819392,0.38613862
Figure 2B,stroke_svd,"Ischemic stroke, small-vessel disease",MTC_Prolif,655,100,3.7366788,0.00990099,<0.0099,TRUE,TRUE,2.4319432,0.02970297
Supplementary Figure 3B,adhd_or_asd,ADHD or autism spectrum disorder,MTC_1,12448,100,0.54618084,0.27722773,0.2772,FALSE,FALSE,0.6509145,0.25742576
Supplementary Figure 3B,adhd_or_asd,ADHD or autism spectrum disorder,MTC_2,14089,100,0.59386134,0.27722773,0.2772,FALSE,FALSE,-0.072770886,0.5247525
Supplementary Figure 3B,adhd_or_asd,ADHD or autism spectrum disorder,MTC_3,10572,100,0.0064112605,0.47524753,0.4752,FALSE,FALSE,1.5272782,0.089108914
Supplementary Figure 3B,adhd_or_asd,ADHD or autism spectrum disorder,MTC_4,9217,100,-0.62714183,0.7326733,0.7327,FALSE,FALSE,-0.21058543,0.5940594
Supplementary Figure 3B,adhd_or_asd,ADHD or autism spectrum disorder,MTC_5,7177,100,-0.24760023,0.5346535,0.5347,FALSE,FALSE,-0.7961768,0.7821782
Supplementary Figure 3B,adhd_or_asd,ADHD or autism spectrum disorder,MTC_6,23322,100,0.3906078,0.36633664,0.3663,FALSE,FALSE,-0.2731559,0.55445546
Supplementary Figure 3B,adhd_or_asd,ADHD or autism spectrum disorder,MTC_Prolif,655,100,2.8280022,0.01980198,0.0198,FALSE,TRUE,-0.0907669,0.48514852
Supplementary Figure 3B,alz2,Alzheimer's disease (alternative GWAS),MTC_1,12448,100,-3.2263923,1.0,1,FALSE,FALSE,1.8704487,0.05940594
Supplementary Figure 3B,alz2,Alzheimer's disease (alternative GWAS),MTC_2,14089,100,-2.862679,0.990099,0.9901,FALSE,FALSE,2.9885013,0.02970297
Supplementary Figure 3B,alz2,Alzheimer's disease (alternative GWAS),MTC_3,10572,100,-1.2507551,0.9009901,0.901,FALSE,FALSE,3.8568423,0.00990099
Supplementary Figure 3B,alz2,Alzheimer's disease (alternative GWAS),MTC_4,9217,100,5.2397146,0.00990099,<0.0099,TRUE,TRUE,4.7396936,0.00990099
Supplementary Figure 3B,alz2,Alzheimer's disease (alternative GWAS),MTC_5,7177,100,4.4752765,0.00990099,<0.0099,TRUE,TRUE,1.9230742,0.05940594
Supplementary Figure 3B,alz2,Alzheimer's disease (alternative GWAS),MTC_6,23322,100,3.8955717,0.00990099,<0.0099,TRUE,TRUE,3.4199362,0.00990099
Supplementary Figure 3B,alz2,Alzheimer's disease (alternative GWAS),MTC_Prolif,655,100,1.5845757,0.05940594,0.05941,FALSE,FALSE,2.1058457,0.03960396
Supplementary Figure 3B,alz,Alzheimer's disease,MTC_1,12448,100,-0.8041243,0.7821782,0.7822,FALSE,FALSE,0.22159234,0.38613862
Supplementary Figure 3B,alz,Alzheimer's disease,MTC_2,14089,100,-0.3568843,0.6633663,0.6634,FALSE,FALSE,0.8422088,0.16831683
Supplementary Figure 3B,alz,Alzheimer's disease,MTC_3,10572,100,1.3979195,0.05940594,0.05941,FALSE,FALSE,1.9213866,0.04950495
Supplementary Figure 3B,alz,Alzheimer's disease,MTC_4,9217,100,2.07181,0.04950495,0.0495,FALSE,TRUE,0.5630841,0.27722773
Supplementary Figure 3B,alz,Alzheimer's disease,MTC_5,7177,100,1.3896505,0.0990099,0.09901,FALSE,FALSE,-0.75721854,0.77227724
Supplementary Figure 3B,alz,Alzheimer's disease,MTC_6,23322,100,0.26471072,0.36633664,0.3663,FALSE,FALSE,0.22811016,0.31683168
Supplementary Figure 3B,alz,Alzheimer's disease,MTC_Prolif,655,100,0.57834,0.3069307,0.3069,FALSE,FALSE,0.16434002,0.41584158
Supplementary Figure 3B,alz2noapoe,"Alzheimer's disease (alternative GWAS, APOE excluded)",MTC_1,12448,100,-1.8141223,0.96039605,0.9604,FALSE,FALSE,0.8220902,0.20792079
Supplementary Figure 3B,alz2noapoe,"Alzheimer's disease (alternative GWAS, APOE excluded)",MTC_2,14089,100,-1.7227478,0.980198,0.9802,FALSE,FALSE,2.4790483,0.02970297
Supplementary Figure 3B,alz2noapoe,"Alzheimer's disease (alternative GWAS, APOE excluded)",MTC_3,10572,100,-0.68683875,0.7326733,0.7327,FALSE,FALSE,1.526974,0.03960396
Supplementary Figure 3B,alz2noapoe,"Alzheimer's disease (alternative GWAS, APOE excluded)",MTC_4,9217,100,2.5960627,0.01980198,0.0198,FALSE,TRUE,0.7451044,0.1980198
Supplementary Figure 3B,alz2noapoe,"Alzheimer's disease (alternative GWAS, APOE excluded)",MTC_5,7177,100,2.5730693,0.01980198,0.0198,FALSE,TRUE,0.36683375,0.32673267
Supplementary Figure 3B,alz2noapoe,"Alzheimer's disease (alternative GWAS, APOE excluded)",MTC_6,23322,100,2.3190634,0.01980198,0.0198,FALSE,TRUE,0.9790287,0.14851485
Supplementary Figure 3B,alz2noapoe,"Alzheimer's disease (alternative GWAS, APOE excluded)",MTC_Prolif,655,100,0.6280001,0.22772278,0.2277,FALSE,FALSE,0.6395937,0.26732674
Supplementary Figure 3B,alzKunkle,Alzheimer's disease (Kunkle et al.),MTC_1,12448,100,-1.5658035,0.9306931,0.9307,FALSE,FALSE,0.5976469,0.26732674
Supplementary Figure 3B,alzKunkle,Alzheimer's disease (Kunkle et al.),MTC_2,14089,100,-1.0927346,0.8613861,0.8614,FALSE,FALSE,0.17354995,0.4059406
Supplementary Figure 3B,alzKunkle,Alzheimer's disease (Kunkle et al.),MTC_3,10572,100,0.45545644,0.36633664,0.3663,FALSE,FALSE,1.8060994,0.04950495
Supplementary Figure 3B,alzKunkle,Alzheimer's disease (Kunkle et al.),MTC_4,9217,100,2.6263928,0.01980198,0.0198,FALSE,TRUE,0.86034167,0.16831683
Supplementary Figure 3B,alzKunkle,Alzheimer's disease (Kunkle et al.),MTC_5,7177,100,2.114087,0.02970297,0.0297,FALSE,TRUE,-0.73247963,0.76237625
Supplementary Figure 3B,alzKunkle,Alzheimer's disease (Kunkle et al.),MTC_6,23322,100,1.130143,0.11881188,0.1188,FALSE,FALSE,0.69316375,0.18811882
Supplementary Figure 3B,alzKunkle,Alzheimer's disease (Kunkle et al.),MTC_Prolif,655,100,0.22839965,0.3960396,0.396,FALSE,FALSE,0.91419196,0.13861386
Supplementary Figure 3B,alzWightman,Alzheimer's disease (Wightman et al.),MTC_1,12448,100,-2.296947,0.990099,0.9901,FALSE,FALSE,0.83651686,0.23762377
Supplementary Figure 3B,alzWightman,Alzheimer's disease (Wightman et al.),MTC_2,14089,100,-2.0079265,0.97029704,0.9703,FALSE,FALSE,2.5438445,0.02970297
Supplementary Figure 3B,alzWightman,Alzheimer's disease (Wightman et al.),MTC_3,10572,100,0.018142045,0.47524753,0.4752,FALSE,FALSE,2.9299238,0.02970297
Supplementary Figure 3B,alzWightman,Alzheimer's disease (Wightman et al.),MTC_4,9217,100,4.0449862,0.00990099,<0.0099,TRUE,TRUE,2.7024565,0.01980198
Supplementary Figure 3B,alzWightman,Alzheimer's disease (Wightman et al.),MTC_5,7177,100,3.3999708,0.00990099,<0.0099,TRUE,TRUE,1.8055507,0.06930693
Supplementary Figure 3B,alzWightman,Alzheimer's disease (Wightman et al.),MTC_6,23322,100,2.307316,0.02970297,0.0297,FALSE,TRUE,2.5287652,0.03960396
Supplementary Figure 3B,alzWightman,Alzheimer's disease (Wightman et al.),MTC_Prolif,655,100,1.2966113,0.0990099,0.09901,FALSE,FALSE,0.9387373,0.13861386
Supplementary Figure 3B,asd,Autism spectrum disorder,MTC_1,12448,100,1.1311383,0.13861386,0.1386,FALSE,FALSE,1.287393,0.11881188
Supplementary Figure 3B,asd,Autism spectrum disorder,MTC_2,14089,100,0.9794073,0.14851485,0.1485,FALSE,FALSE,0.55225897,0.28712872
Supplementary Figure 3B,asd,Autism spectrum disorder,MTC_3,10572,100,0.49789074,0.32673267,0.3267,FALSE,FALSE,0.42137343,0.35643566
Supplementary Figure 3B,asd,Autism spectrum disorder,MTC_4,9217,100,-0.34982288,0.6138614,0.6139,FALSE,FALSE,0.7040371,0.21782178
Supplementary Figure 3B,asd,Autism spectrum disorder,MTC_5,7177,100,-0.61145145,0.7326733,0.7327,FALSE,FALSE,-0.23225793,0.5940594
Supplementary Figure 3B,asd,Autism spectrum disorder,MTC_6,23322,100,0.1296736,0.41584158,0.4158,FALSE,FALSE,-0.23669162,0.5346535
Supplementary Figure 3B,asd,Autism spectrum disorder,MTC_Prolif,655,100,0.5829009,0.24752475,0.2475,FALSE,FALSE,-0.4630113,0.63366336
Supplementary Figure 3B,asd_vs_adhd,Autism spectrum disorder vs ADHD,MTC_1,12448,100,0.053593557,0.5148515,0.5149,FALSE,FALSE,-1.5375506,0.96039605
Supplementary Figure 3B,asd_vs_adhd,Autism spectrum disorder vs ADHD,MTC_2,14089,100,0.05707503,0.5148515,0.5149,FALSE,FALSE,0.7144974,0.25742576
Supplementary Figure 3B,asd_vs_adhd,Autism spectrum disorder vs ADHD,MTC_3,10572,100,0.5712473,0.3069307,0.3069,FALSE,FALSE,-0.12103043,0.56435645
Supplementary Figure 3B,asd_vs_adhd,Autism spectrum disorder vs ADHD,MTC_4,9217,100,0.5505857,0.2970297,0.297,FALSE,FALSE,-0.40628847,0.64356434
Supplementary Figure 3B,asd_vs_adhd,Autism spectrum disorder vs ADHD,MTC_5,7177,100,1.2101349,0.13861386,0.1386,FALSE,FALSE,-1.285481,0.95049506
Supplementary Figure 3B,asd_vs_adhd,Autism spectrum disorder vs ADHD,MTC_6,23322,100,0.15109558,0.47524753,0.4752,FALSE,FALSE,-0.062987626,0.4950495
Supplementary Figure 3B,asd_vs_adhd,Autism spectrum disorder vs ADHD,MTC_Prolif,655,100,2.351176,0.03960396,0.0396,FALSE,TRUE,0.077424824,0.38613862
Supplementary Figure 3B,ibd,Inflammatory bowel disease,MTC_1,12448,100,0.3336794,0.4059406,0.4059,FALSE,FALSE,4.8800554,0.00990099
Supplementary Figure 3B,ibd,Inflammatory bowel disease,MTC_2,14089,100,-0.97344416,0.8613861,0.8614,FALSE,FALSE,6.6198754,0.00990099
Supplementary Figure 3B,ibd,Inflammatory bowel disease,MTC_3,10572,100,-1.4792196,0.9306931,0.9307,FALSE,FALSE,6.7841945,0.00990099
Supplementary Figure 3B,ibd,Inflammatory bowel disease,MTC_4,9217,100,-0.81968313,0.8217822,0.8218,FALSE,FALSE,1.8477564,0.05940594
Supplementary Figure 3B,ibd,Inflammatory bowel disease,MTC_5,7177,100,0.7773505,0.20792079,0.2079,FALSE,FALSE,1.5966239,0.04950495
Supplementary Figure 3B,ibd,Inflammatory bowel disease,MTC_6,23322,100,4.4894257,0.00990099,<0.0099,TRUE,TRUE,3.6302972,0.01980198
Supplementary Figure 3B,ibd,Inflammatory bowel disease,MTC_Prolif,655,100,-1.0357049,0.8910891,0.8911,FALSE,FALSE,-0.17355217,0.55445546
Supplementary Figure 3B,mdd,Major depressive disorder,MTC_1,12448,100,-0.66191596,0.75247526,0.7525,FALSE,FALSE,1.7136128,0.07920792
Supplementary Figure 3B,mdd,Major depressive disorder,MTC_2,14089,100,0.56536627,0.27722773,0.2772,FALSE,FALSE,1.5613681,0.10891089
Supplementary Figure 3B,mdd,Major depressive disorder,MTC_3,10572,100,0.5591656,0.31683168,0.3168,FALSE,FALSE,1.0886847,0.10891089
Supplementary Figure 3B,mdd,Major depressive disorder,MTC_4,9217,100,2.7505322,0.02970297,0.0297,FALSE,TRUE,-0.14931248,0.5346535
Supplementary Figure 3B,mdd,Major depressive disorder,MTC_5,7177,100,1.3769134,0.0990099,0.09901,FALSE,FALSE,-0.32196873,0.62376237
Supplementary Figure 3B,mdd,Major depressive disorder,MTC_6,23322,100,-0.6040628,0.7128713,0.7129,FALSE,FALSE,1.1398737,0.11881188
Supplementary Figure 3B,mdd,Major depressive disorder,MTC_Prolif,655,100,3.574005,0.00990099,<0.0099,TRUE,TRUE,1.8976505,0.04950495
Supplementary Figure 3B,mdd2,Major depressive disorder (alternative GWAS),MTC_1,12448,100,2.3911219,0.00990099,<0.0099,TRUE,TRUE,3.5972,0.00990099
Supplementary Figure 3B,mdd2,Major depressive disorder (alternative GWAS),MTC_2,14089,100,2.644314,0.01980198,0.0198,FALSE,TRUE,4.504494,0.00990099
Supplementary Figure 3B,mdd2,Major depressive disorder (alternative GWAS),MTC_3,10572,100,2.8774998,0.01980198,0.0198,FALSE,TRUE,1.9128205,0.06930693
Supplementary Figure 3B,mdd2,Major depressive disorder (alternative GWAS),MTC_4,9217,100,-0.06080804,0.5049505,0.505,FALSE,FALSE,1.0006138,0.12871288
Supplementary Figure 3B,mdd2,Major depressive disorder (alternative GWAS),MTC_5,7177,100,-0.68824565,0.76237625,0.7624,FALSE,FALSE,1.384457,0.089108914
Supplementary Figure 3B,mdd2,Major depressive disorder (alternative GWAS),MTC_6,23322,100,-0.5089368,0.7029703,0.703,FALSE,FALSE,3.4128823,0.00990099
Supplementary Figure 3B,mdd2,Major depressive disorder (alternative GWAS),MTC_Prolif,655,100,0.08233782,0.38613862,0.3861,FALSE,FALSE,-0.44625995,0.6930693
Supplementary Figure 3B,mdd_ipsych,Major depressive disorder (iPSYCH),MTC_1,12448,100,3.318526,0.00990099,<0.0099,TRUE,TRUE,5.3602304,0.00990099
Supplementary Figure 3B,mdd_ipsych,Major depressive disorder (iPSYCH),MTC_2,14089,100,3.7429206,0.00990099,<0.0099,TRUE,TRUE,4.0318,0.00990099
Supplementary Figure 3B,mdd_ipsych,Major depressive disorder (iPSYCH),MTC_3,10572,100,4.4627614,0.00990099,<0.0099,TRUE,TRUE,4.5712905,0.00990099
Supplementary Figure 3B,mdd_ipsych,Major depressive disorder (iPSYCH),MTC_4,9217,100,0.008974664,0.4950495,0.495,FALSE,FALSE,1.7132503,0.05940594
Supplementary Figure 3B,mdd_ipsych,Major depressive disorder (iPSYCH),MTC_5,7177,100,-0.8959217,0.8019802,0.802,FALSE,FALSE,3.182845,0.00990099
Supplementary Figure 3B,mdd_ipsych,Major depressive disorder (iPSYCH),MTC_6,23322,100,-1.697876,0.9405941,0.9406,FALSE,FALSE,6.6154623,0.00990099
Supplementary Figure 3B,mdd_ipsych,Major depressive disorder (iPSYCH),MTC_Prolif,655,100,1.1205777,0.12871288,0.1287,FALSE,FALSE,-0.98272264,0.85148513
Supplementary Figure 3B,ms,Multiple sclerosis,MTC_1,12448,100,1.0361938,0.16831683,0.1683,FALSE,FALSE,1.4091903,0.0990099
Supplementary Figure 3B,ms,Multiple sclerosis,MTC_2,14089,100,0.23918317,0.36633664,0.3663,FALSE,FALSE,2.4868488,0.02970297
Supplementary Figure 3B,ms,Multiple sclerosis,MTC_3,10572,100,-1.014199,0.8613861,0.8614,FALSE,FALSE,1.526142,0.089108914
Supplementary Figure 3B,ms,Multiple sclerosis,MTC_4,9217,100,-1.6513599,0.96039605,0.9604,FALSE,FALSE,2.739624,0.03960396
Supplementary Figure 3B,ms,Multiple sclerosis,MTC_5,7177,100,-0.116234414,0.55445546,0.5545,FALSE,FALSE,2.9115934,0.00990099
Supplementary Figure 3B,ms,Multiple sclerosis,MTC_6,23322,100,2.192778,0.01980198,0.0198,FALSE,TRUE,1.4278005,0.10891089
Supplementary Figure 3B,ms,Multiple sclerosis,MTC_Prolif,655,100,-0.43697158,0.6138614,0.6139,FALSE,FALSE,1.0337914,0.16831683
Supplementary Figure 3B,pd,Parkinson's disease,MTC_1,12448,100,1.413478,0.06930693,0.06931,FALSE,FALSE,1.5762869,0.04950495
Supplementary Figure 3B,pd,Parkinson's disease,MTC_2,14089,100,1.5927243,0.05940594,0.05941,FALSE,FALSE,3.0805972,0.01980198
Supplementary Figure 3B,pd,Parkinson's disease,MTC_3,10572,100,1.0108756,0.21782178,0.2178,FALSE,FALSE,1.0317731,0.15841584
Supplementary Figure 3B,pd,Parkinson's disease,MTC_4,9217,100,0.062000193,0.4950495,0.495,FALSE,FALSE,-0.2945992,0.5940594
Supplementary Figure 3B,pd,Parkinson's disease,MTC_5,7177,100,0.010176049,0.48514852,0.4851,FALSE,FALSE,1.5156784,0.089108914
Supplementary Figure 3B,pd,Parkinson's disease,MTC_6,23322,100,-0.57815456,0.7227723,0.7228,FALSE,FALSE,0.7757215,0.1980198
Supplementary Figure 3B,pd,Parkinson's disease,MTC_Prolif,655,100,0.76482874,0.21782178,0.2178,FALSE,FALSE,0.7092632,0.20792079
Supplementary Figure 3B,pd_without_23andMe,Parkinson's disease (excluding 23andMe),MTC_1,12448,100,1.664086,0.06930693,0.06931,FALSE,FALSE,1.1367254,0.13861386
Supplementary Figure 3B,pd_without_23andMe,Parkinson's disease (excluding 23andMe),MTC_2,14089,100,1.7162739,0.03960396,0.0396,FALSE,TRUE,2.6349204,0.02970297
Supplementary Figure 3B,pd_without_23andMe,Parkinson's disease (excluding 23andMe),MTC_3,10572,100,1.9226011,0.03960396,0.0396,FALSE,TRUE,1.0814716,0.10891089
Supplementary Figure 3B,pd_without_23andMe,Parkinson's disease (excluding 23andMe),MTC_4,9217,100,-0.58631366,0.7425743,0.7426,FALSE,FALSE,1.1262195,0.17821783
Supplementary Figure 3B,pd_without_23andMe,Parkinson's disease (excluding 23andMe),MTC_5,7177,100,-0.6125643,0.7029703,0.703,FALSE,FALSE,0.80946827,0.21782178
Supplementary Figure 3B,pd_without_23andMe,Parkinson's disease (excluding 23andMe),MTC_6,23322,100,-0.785462,0.7821782,0.7822,FALSE,FALSE,0.42409325,0.28712872
Supplementary Figure 3B,pd_without_23andMe,Parkinson's disease (excluding 23andMe),MTC_Prolif,655,100,-1.1426184,0.8712871,0.8713,FALSE,FALSE,0.91981405,0.18811882
Supplementary Figure 3B,sa_mdd,Suicide attempt in major depressive disorder,MTC_1,12448,100,-0.7610028,0.8217822,0.8218,FALSE,FALSE,0.89488244,0.20792079
Supplementary Figure 3B,sa_mdd,Suicide attempt in major depressive disorder,MTC_2,14089,100,-0.20235167,0.63366336,0.6337,FALSE,FALSE,-0.075859055,0.47524753
Supplementary Figure 3B,sa_mdd,Suicide attempt in major depressive disorder,MTC_3,10572,100,0.11611657,0.41584158,0.4158,FALSE,FALSE,-0.9989079,0.85148513
Supplementary Figure 3B,sa_mdd,Suicide attempt in major depressive disorder,MTC_4,9217,100,0.7530433,0.23762377,0.2376,FALSE,FALSE,-0.8962904,0.8019802
Supplementary Figure 3B,sa_mdd,Suicide attempt in major depressive disorder,MTC_5,7177,100,0.83862084,0.21782178,0.2178,FALSE,FALSE,-0.72788,0.7920792
Supplementary Figure 3B,sa_mdd,Suicide attempt in major depressive disorder,MTC_6,23322,100,0.91566616,0.24752475,0.2475,FALSE,FALSE,-1.5858967,0.980198
Supplementary Figure 3B,sa_mdd,Suicide attempt in major depressive disorder,MTC_Prolif,655,100,0.015910622,0.3960396,0.396,FALSE,FALSE,-1.10629,0.8910891
Supplementary Figure 3B,sa_mdd_bip_scz,"Suicide attempt in MDD, bipolar disorder and schizophrenia",MTC_1,12448,100,0.5234708,0.32673267,0.3267,FALSE,FALSE,-0.9700595,0.83168316
Supplementary Figure 3B,sa_mdd_bip_scz,"Suicide attempt in MDD, bipolar disorder and schizophrenia",MTC_2,14089,100,0.8165017,0.23762377,0.2376,FALSE,FALSE,2.7753732,0.01980198
Supplementary Figure 3B,sa_mdd_bip_scz,"Suicide attempt in MDD, bipolar disorder and schizophrenia",MTC_3,10572,100,0.5856962,0.31683168,0.3168,FALSE,FALSE,1.6132406,0.06930693
Supplementary Figure 3B,sa_mdd_bip_scz,"Suicide attempt in MDD, bipolar disorder and schizophrenia",MTC_4,9217,100,-0.57454085,0.62376237,0.6238,FALSE,FALSE,0.13073263,0.3960396
Supplementary Figure 3B,sa_mdd_bip_scz,"Suicide attempt in MDD, bipolar disorder and schizophrenia",MTC_5,7177,100,-0.30009806,0.5247525,0.5248,FALSE,FALSE,-0.19505201,0.56435645
Supplementary Figure 3B,sa_mdd_bip_scz,"Suicide attempt in MDD, bipolar disorder and schizophrenia",MTC_6,23322,100,0.65857047,0.25742576,0.2574,FALSE,FALSE,0.076235525,0.43564355
Supplementary Figure 3B,sa_mdd_bip_scz,"Suicide attempt in MDD, bipolar disorder and schizophrenia",MTC_Prolif,655,100,0.76836944,0.16831683,0.1683,FALSE,FALSE,0.52302414,0.27722773
Supplementary Figure 3B,sz,Schizophrenia,MTC_1,12448,100,1.1609129,0.13861386,0.1386,FALSE,FALSE,1.9587508,0.03960396
Supplementary Figure 3B,sz,Schizophrenia,MTC_2,14089,100,1.8968502,0.02970297,0.0297,FALSE,TRUE,3.7770693,0.00990099
Supplementary Figure 3B,sz,Schizophrenia,MTC_3,10572,100,2.8059583,0.00990099,<0.0099,TRUE,TRUE,0.62904876,0.23762377
Supplementary Figure 3B,sz,Schizophrenia,MTC_4,9217,100,0.93658954,0.1980198,0.198,FALSE,FALSE,1.526844,0.0990099
Supplementary Figure 3B,sz,Schizophrenia,MTC_5,7177,100,0.1500405,0.41584158,0.4158,FALSE,FALSE,3.1948504,0.01980198
Supplementary Figure 3B,sz,Schizophrenia,MTC_6,23322,100,-0.6853331,0.7029703,0.703,FALSE,FALSE,5.0616155,0.00990099
Supplementary Figure 3B,sz,Schizophrenia,MTC_Prolif,655,100,0.642306,0.18811882,0.1881,FALSE,FALSE,0.014846064,0.46534654
Supplementary Figure 3B,sz3,Schizophrenia (PGC3),MTC_1,12448,100,2.133112,0.01980198,0.0198,FALSE,TRUE,2.7096937,0.00990099
Supplementary Figure 3B,sz3,Schizophrenia (PGC3),MTC_2,14089,100,3.1180158,0.00990099,<0.0099,TRUE,TRUE,3.9628243,0.00990099
Supplementary Figure 3B,sz3,Schizophrenia (PGC3),MTC_3,10572,100,3.1651776,0.00990099,<0.0099,TRUE,TRUE,2.4464445,0.00990099
Supplementary Figure 3B,sz3,Schizophrenia (PGC3),MTC_4,9217,100,0.7434028,0.22772278,0.2277,FALSE,FALSE,0.8341366,0.20792079
Supplementary Figure 3B,sz3,Schizophrenia (PGC3),MTC_5,7177,100,-0.20527057,0.63366336,0.6337,FALSE,FALSE,2.6178405,0.02970297
Supplementary Figure 3B,sz3,Schizophrenia (PGC3),MTC_6,23322,100,-1.6520381,0.96039605,0.9604,FALSE,FALSE,3.6152434,0.01980198
Supplementary Figure 3B,sz3,Schizophrenia (PGC3),MTC_Prolif,655,100,0.7724502,0.1980198,0.198,FALSE,FALSE,0.38387686,0.31683168
Supplementary Figure 3B,sz_eur,Schizophrenia (European ancestry),MTC_1,12448,100,2.585338,0.00990099,<0.0099,TRUE,TRUE,3.2587392,0.01980198
Supplementary Figure 3B,sz_eur,Schizophrenia (European ancestry),MTC_2,14089,100,3.3697386,0.00990099,<0.0099,TRUE,TRUE,4.026083,0.00990099
Supplementary Figure 3B,sz_eur,Schizophrenia (European ancestry),MTC_3,10572,100,3.9904416,0.00990099,<0.0099,TRUE,TRUE,4.116257,0.00990099
Supplementary Figure 3B,sz_eur,Schizophrenia (European ancestry),MTC_4,9217,100,0.29216796,0.34653464,0.3465,FALSE,FALSE,2.116185,0.04950495
Supplementary Figure 3B,sz_eur,Schizophrenia (European ancestry),MTC_5,7177,100,-0.45993376,0.63366336,0.6337,FALSE,FALSE,3.2387156,0.00990099
Supplementary Figure 3B,sz_eur,Schizophrenia (European ancestry),MTC_6,23322,100,-1.8317592,0.980198,0.9802,FALSE,FALSE,5.798291,0.00990099
Supplementary Figure 3B,sz_eur,Schizophrenia (European ancestry),MTC_Prolif,655,100,0.53199905,0.24752475,0.2475,FALSE,FALSE,0.34795994,0.32673267
Supplementary Figure 3B,sz_mvp,Schizophrenia (Million Veteran Program),MTC_1,12448,100,1.8581706,0.03960396,0.0396,FALSE,TRUE,1.896605,0.02970297
Supplementary Figure 3B,sz_mvp,Schizophrenia (Million Veteran Program),MTC_2,14089,100,2.366493,0.01980198,0.0198,FALSE,TRUE,3.5398505,0.00990099
Supplementary Figure 3B,sz_mvp,Schizophrenia (Million Veteran Program),MTC_3,10572,100,2.3741302,0.02970297,0.0297,FALSE,TRUE,1.7907183,0.05940594
Supplementary Figure 3B,sz_mvp,Schizophrenia (Million Veteran Program),MTC_4,9217,100,0.36760524,0.37623763,0.3762,FALSE,FALSE,0.857133,0.16831683
Supplementary Figure 3B,sz_mvp,Schizophrenia (Million Veteran Program),MTC_5,7177,100,0.17537166,0.42574257,0.4257,FALSE,FALSE,1.9323394,0.04950495
Supplementary Figure 3B,sz_mvp,Schizophrenia (Million Veteran Program),MTC_6,23322,100,-1.0047368,0.83168316,0.8317,FALSE,FALSE,3.5095668,0.00990099
Supplementary Figure 3B,sz_mvp,Schizophrenia (Million Veteran Program),MTC_Prolif,655,100,0.44907957,0.25742576,0.2574,FALSE,FALSE,0.30286098,0.38613862