"ID","Description","setSize","enrichmentScore","NES","pvalue","p.adjust","qvalue","rank","leading_edge","core_enrichment"
"HALLMARK_MYC_TARGETS_V1","HALLMARK_MYC_TARGETS_V1",158,0.691793015565062,3.63537234098633,1.45736054021827e-37,7.14106664706953e-36,2.30109558981832e-36,1,"tags=55%, list=10%, signal=50%","LDHA/PGK1/NME1/PSMA7/EIF2S2/SNRPD1/PSMC4/RAN/PSMD14/NPM1/PSMB3/RANBP1/PA2G4/SRM/NHP2/PSMD8/HPRT1/EIF4E/EIF2S1/PSMA6/EIF4A1/CCT2/EIF3J/CANX/NOP16/PSMB2/PSMA2/YWHAE/IMPDH2/PSMD7/SNRPG/SNRPD2/RACK1/CCT5/RSL1D1/CNBP/PPIA/DDX21/PSMA4/CCT7/UBE2L3/HNRNPA1/TXNL4A/LSM7/GSPT1/EEF1B2/ILF2/SET/AP3S1/CCT3/GNL3/XRCC6/PSMD3/VBP1/ERH/RAD23B/YWHAQ/AIMP2/PPM1G/CCT4/ETF1/PSMA1/KPNB1/EIF4H/NOLC1/SSB/RRP9/PWP1/SNRPD3/SYNCRIP/SERBP1/SNRPA/MYC/RUVBL2/ACP1/SNRPA1/KPNA2/UBA2/NCBP2/SNRPB2/FBL/PTGES3/CDK4/EIF3D/EIF4G2/CTPS1/TFDP1"
"HALLMARK_MTORC1_SIGNALING","HALLMARK_MTORC1_SIGNALING",164,0.642356619180152,3.38030506575443,3.41465423290816e-31,8.36590287062499e-30,2.69577965755907e-30,2,"tags=57%, list=16%, signal=48%","LDHA/GAPDH/ENO1/PGK1/IFI30/TPI1/SLC7A5/SDF2L1/NAMPT/EIF2S2/PPA1/CALR/PSMC4/PSMD14/HSPA5/PRDX1/CCT6A/CD9/PSMA3/HPRT1/ARPC5L/GPI/HSP90B1/PNP/CANX/SLA/PPIA/PSMA4/G6PD/M6PR/RPN1/PSMB5/UBE2D3/ACTR3/CTSC/PNO1/PSMC2/RAB1A/PGM1/HSPA4/PFKL/PSMD13/EEF1E1/GLRX/MAP2K3/FKBP2/PDAP1/PSMD12/SLC2A1/ETF1/ALDOA/UFM1/BCAT1/NFIL3/PSAT1/TES/RRP9/TRIB3/ABCF2/P4HA1/ERO1A/BHLHE40/ELOVL5/PSME3/TFRC/NIBAN1/STIP1/YKT6/ATP6V1D/HMBS/TUBG1/SLC1A5/XBP1/PSMG1/USO1/DDIT3/SLC2A3/ATP2A2/NFKBIB/GBE1/SERP1/SLC6A6/GLA/GOT1/CORO1A/DDX39A/PSMC6/RDH11/UCHL5/PHGDH/PITPNB/IDH1/SCD"
"HALLMARK_GLYCOLYSIS","HALLMARK_GLYCOLYSIS",133,0.509426833933521,2.60879243015516,2.2720791616776e-13,3.71106263074009e-12,1.19583113772505e-12,3,"tags=39%, list=15%, signal=34%","LDHA/ENO1/MIF/PGK1/SLC16A3/TPI1/PKM/PGAM1/PSMC4/HSPA5/TXN/TGFBI/SDC2/GMPPB/PYGL/GALE/PPIA/CD44/G6PD/VEGFA/FAM162A/TALDO1/GLRX/ENO2/PFKP/HDLBP/ALDOA/ANGPTL4/P4HA2/PRPS1/CHPF/P4HA1/ERO1A/B3GAT3/VCAN/CHST2/UGP2/HS2ST1/PAM/PMM2/SPAG4/RRAGD/KDELR3/IGFBP3/SRD5A3/GOT1/ISG20/PLOD1/MDH1/GFPT1/GMPPA/NSDHL"
"HALLMARK_UNFOLDED_PROTEIN_RESPONSE","HALLMARK_UNFOLDED_PROTEIN_RESPONSE",103,0.542090720205691,2.66034111410169,2.3217347208727e-12,2.84412503306906e-11,9.16474231923434e-12,4,"tags=31%, list=8%, signal=29%","SLC7A5/CALR/NPM1/HSPA5/PDIA6/NHP2/EIF4E/EIF2S1/HYOU1/HSP90B1/EIF4A1/EIF4EBP1/BANF1/SRPRB/SPCS3/DNAJC3/VEGFA/YIF1A/EIF4G1/TUBB2A/EXOSC4/LSM4/DNAJB9/ATP6V0D1/LSM1/EEF2/DKC1/NOLC1/PSAT1/RRP9/POP4/ERO1A"
"HALLMARK_INFLAMMATORY_RESPONSE","HALLMARK_INFLAMMATORY_RESPONSE",143,0.47879690216071,2.4751107485253,4.2945825151216e-12,4.20869086481916e-11,1.35618395214366e-11,5,"tags=46%, list=16%, signal=39%","TIMP1/EMP3/MSR1/CD14/PLAUR/NAMPT/CLEC5A/FPR1/SPHK1/SLC31A1/PDPN/RGS16/C5AR1/SELENOS/HIF1A/HBEGF/IFNGR2/ADRM1/LCP2/CD82/SRI/CCL20/SLC7A1/PTPRE/IL4R/AQP9/TNFRSF1B/RHOG/GCH1/TLR2/CCRL2/ADGRE1/MYC/ADM/SLC31A2/CHST2/TNFSF15/ITGB3/ICAM1/CD48/PTGIR/LY6E/PVR/LYN/PDE4B/IL10/NMI/IL18R1/IL15/ATP2A2/IL6/EBI3/BST2/IL1R1/CSF1/NOD2/IFNAR1/ABCA1/MARCO/OSM/CD55/MMP14/GNA15/IFITM1/CXCL8/CD70"
"HALLMARK_MYC_TARGETS_V2","HALLMARK_MYC_TARGETS_V2",47,0.682961336332218,2.86484868920541,1.20497949953811e-10,9.84066591289456e-10,3.17099868299503e-10,6,"tags=47%, list=10%, signal=42%","NPM1/PA2G4/SRM/DCTPP1/NOP16/MRTO4/BYSL/IMP4/IPO4/GNL3/NIP7/GRWD1/AIMP2/NOLC1/PES1/RRP9/MYC/PPAN/WDR43/FARSA/CDK4/NOP2"
"HALLMARK_HYPOXIA","HALLMARK_HYPOXIA",141,0.424579872080674,2.18698284860184,5.28546015368974e-09,3.69982210758282e-08,1.19220905722325e-08,7,"tags=41%, list=14%, signal=36%","LDHA/GAPDH/ENO1/MIF/PGK1/TPI1/MT2A/PLAUR/PIM1/ANXA2/HSPA5/TGFBI/SDC2/PLIN2/GPI/HK1/VEGFA/FAM162A/FOSL2/PGM1/MT1E/PFKL/GLRX/FBP1/ENO2/S100A4/PFKP/HDLBP/SLC2A1/ALDOA/ANGPTL4/NFIL3/P4HA2/TES/P4HA1/ERO1A/BHLHE40/ADM/CHST2/HAS1/UGP2/CAVIN1/PAM/TGM2/DDIT3/SLC2A3/RBPJ/RRAGD/IL6/GBE1/ALDOC/NDST2/KDELR3/IGFBP3/MAFF/SLC6A6/ISG20/XPNPEP1"
"HALLMARK_OXIDATIVE_PHOSPHORYLATION","HALLMARK_OXIDATIVE_PHOSPHORYLATION",24,0.718786276812256,2.56073679214707,3.8310564347972e-07,2.34652206631328e-06,7.56129559499447e-07,8,"tags=50%, list=10%, signal=45%","LDHA/ATP6V0C/ATP6V1F/GPI/ATP6V1G1/ATP6V0E1/ATP6AP1/ATP6V0B/ATP6V1C1/ATP6V1E1/POLR2F/ATP6V1D"
"HALLMARK_COMPLEMENT","HALLMARK_COMPLEMENT",137,0.387430850296195,1.994552030804,5.23389558599748e-07,2.84956537459863e-06,9.18227295789032e-07,9,"tags=27%, list=11%, signal=24%","TIMP1/APOC1/CTSL/FCER1G/PLAUR/CTSB/S100A9/PFN1/PLSCR1/PIM1/HSPA5/ANXA5/CTSD/CALM1/SERPINA1/GRB2/ADAM9/ATOX1/LCP2/GCA/EHD1/CTSC/GNB2/PLEK/CASP4/CALM3/RHOG/STX4/PPP4C/USP14/CSRP1/LGALS3/CTSH/LIPA/C1QC/CASP5/LYN"
"HALLMARK_INTERFERON_GAMMA_RESPONSE","HALLMARK_INTERFERON_GAMMA_RESPONSE",165,0.361327359518416,1.90789602349333,9.45832479356288e-07,4.63457914884581e-06,1.49341970424677e-06,10,"tags=31%, list=15%, signal=27%","IFITM3/IFI30/IFITM2/MT2A/PSME2/NAMPT/PLSCR1/FPR1/PIM1/SOCS3/PTPN2/PSMA3/HIF1A/PNP/ARID5B/PSMB2/PSMA2/LCP2/VAMP8/MVP/UPP1/PSME1/SRI/PTPN1/VAMP5/FCGR1A/IL4R/CASP4/PFKP/SECTM1/GCH1/METTL7B/PSMB8/B2M/IFNAR2/TAP1/ICAM1/ISG15/LY6E/UBE2L6/PDE4B/NMI/IL15/IL6/BST2/IFI35/ISG20/HELZ2/STAT1/PTPN6/MYD88"
"HALLMARK_XENOBIOTIC_METABOLISM","HALLMARK_XENOBIOTIC_METABOLISM",112,0.406846912800679,2.01843294702503,2.57776634145144e-06,1.14827773391928e-05,3.70014307385375e-06,11,"tags=42%, list=17%, signal=35%","GSTO1/MT2A/APOE/SLC35B1/HPRT1/SSR3/UPP1/PGD/ID2/CBR1/FAH/AQP9/FBP1/SAR1B/TMBIM6/AHCY/UGDH/GCH1/BCAT1/PPARD/CNDP2/ACP2/ACP1/ELOVL5/RBP4/PEMT/PTGES3/DDAH2/SLC1A5/ATP2A2/TMEM176B/IL1R1/SLC6A6/ETS2/ATOH8/SMOX/NQO1/HSD11B1/TGFB2/EPHA2/GART/HES6/IDH1/CYP2S1/PTS/PTGR1/PSMB10"
"HALLMARK_EPITHELIAL_MESENCHYMAL_TRANSITION","HALLMARK_EPITHELIAL_MESENCHYMAL_TRANSITION",93,0.425901618926501,2.05275888634014,4.39202642153581e-06,1.70963195698294e-05,5.50901812131988e-06,12,"tags=45%, list=16%, signal=38%","SPP1/LGALS1/TIMP1/EMP3/PLAUR/TNFRSF12A/TGFBI/VIM/BASP1/PPIB/FLNA/TPM4/CALU/CD44/VEGFA/ID2/CAPG/ENO2/AREG/ITGB1/TNFRSF11B/VCAN/FERMT2/COLGALT1/PLOD3/ITGB3/PVR/TGM2/IL15/IL6/ITGAV/GREM1/IGFBP3/THBS1/PLOD1/PDLIM4/CADM1/MMP14/MYL9/CXCL8/SLC6A8/FN1"
"HALLMARK_IL2_STAT5_SIGNALING","HALLMARK_IL2_STAT5_SIGNALING",156,0.349630519595997,1.82688761617353,4.53575825322004e-06,1.70963195698294e-05,5.50901812131988e-06,13,"tags=35%, list=13%, signal=30%","SPP1/IFITM3/GSTO1/GLIPR2/PLSCR1/PIM1/GPR65/RGS16/PLIN2/BATF/RNH1/PNP/CDCP1/PHLDA1/CD44/ALCAM/SYNGR2/CAPG/IL4R/CST7/FAH/TNFRSF1B/NRP1/NCS1/MYO1E/AHCY/TNFRSF4/NFIL3/P4HA1/CKAP4/TNFRSF18/MYC/BHLHE40/FURIN/NOP2/EMP1/CD48/PRAF2/SLC1A5/XBP1/TGM2/IL10/IL18R1/SLC2A3/CTLA4/RRAGD/SMPDL3A/EEF1AKMT1/DCPS/ITGAV/CSF1/RHOH/MAFF/PTRH2"
"HALLMARK_ANGIOGENESIS","HALLMARK_ANGIOGENESIS",20,0.713556949084835,2.42892011036914,1.13571542344757e-05,3.97500398206649e-05,1.28088205651981e-05,14,"tags=50%, list=9%, signal=46%","SPP1/TIMP1/THBD/VEGFA/LPL/APP/NRP1/S100A4/PDGFA/VCAN"
"HALLMARK_REACTIVE_OXYGEN_SPECIES_PATHWAY","HALLMARK_REACTIVE_OXYGEN_SPECIES_PATHWAY",31,0.567818362555094,2.17878584489306,0.000131630922257272,0.000429994346040423,0.000138558865533971,15,"tags=52%, list=14%, signal=45%","TXN/FTL/PRDX1/SELENOS/LAMTOR5/ATOX1/GPX3/G6PD/LSP1/HMOX2/GLRX/PFKP/SBNO2/GCLM/SRXN1/NQO1"
"HALLMARK_DNA_REPAIR","HALLMARK_DNA_REPAIR",128,0.337860899933176,1.71711265580245,0.00014523692942375,0.000444788096360233,0.00014332591719449,16,"tags=28%, list=13%, signal=25%","NME1/BCAP31/HPRT1/SDCBP/TMED2/PNP/ADRM1/IMPDH2/DAD1/POLE4/RBX1/EDF1/GTF2A2/POLR2I/SEC61A1/POLR2J/APRT/NELFE/TAF13/GTF2F1/ERCC1/POLR2K/POLR2F/CETN2/NCBP2/ITPA/TAF9/SSRP1/POLR2H/POLR2E/PDE4B/ALYREF/GTF2H5/RPA3/FEN1/SF3A3"
"HALLMARK_FATTY_ACID_METABOLISM","HALLMARK_FATTY_ACID_METABOLISM",64,0.444285106414844,1.99739427734701,0.000159790122683916,0.000460571530088935,0.000148411878653792,17,"tags=41%, list=16%, signal=34%","LDHA/MIF/LGALS1/IL4I1/OSTC/G0S2/S100A10/PSME1/SMS/CBR1/ENO2/ACSL5/ALDOA/UGDH/PCBD1/ELOVL5/ADSL/UBE2L6/BLVRA/UROS/MDH1/NSDHL/NBN/RDH11/PTPRG/IDH1"
"HALLMARK_CHOLESTEROL_HOMEOSTASIS","HALLMARK_CHOLESTEROL_HOMEOSTASIS",59,0.426879347493569,1.88637694212132,0.000245162344575908,0.000636056747563727,0.000204959209741265,18,"tags=31%, list=10%, signal=28%","FABP5/S100A11/PLAUR/PLSCR1/TNFRSF12A/ANXA5/CD9/PPARG/ATF5/ALCAM/LPL/ACTG1/CXCL16/PMVK/NFIL3/TRIB3/LGALS3/NIBAN1"
"HALLMARK_PI3K_AKT_MTOR_SIGNALING","HALLMARK_PI3K_AKT_MTOR_SIGNALING",80,0.3805323276273,1.77348237879702,0.000246634249055323,0.000636056747563727,0.000204959209741265,19,"tags=34%, list=12%, signal=30%","ARHGDIA/PFN1/CALR/ARF1/CFL1/GRB2/EIF4E/HSP90B1/SLA/UBE2N/UBE2D3/CSNK2B/ACTR3/PPP1CA/MAP2K3/IL2RG/SLC2A1/TRIB3/HRAS/YWHAB/CDK4/RALB/PIN1/ARPC3/CLTC/DDIT3/NFKBIB"
"HALLMARK_MITOTIC_SPINDLE","HALLMARK_MITOTIC_SPINDLE",167,-0.389732957394418,-1.62291708792664,0.000413587199445385,0.00101328863864119,0.000326516210088462,20,"tags=41%, list=27%, signal=30%","RHOF/TUBGCP3/FGD6/RALBP1/KIFAP3/ARFGEF1/KLC1/TUBGCP6/RABGAP1/TUBGCP5/CYTH2/OPHN1/ATG4B/HDAC6/APC/SMC4/BRCA2/CLIP2/ARHGEF12/WASL/ARHGEF11/PKD2/CDK5RAP2/ARHGEF2/CEP57/MYO9B/ARHGAP5/LATS1/TUBD1/NF1/CENPJ/TSC1/CLASP1/CEP192/TRIO/SOS1/TLK1/CD2AP/DOCK2/DLG1/KIF3C/ARHGAP4/AKAP13/PCNT/MAP3K11/VCL/FGD4/PCM1/NCK1/SSH2/FSCN1/DST/RASAL2/CNTRL/CCDC88A/NIN/NUMA1/PREX1/KIF20B/EPB41/ARHGAP27/EPB41L2/WASF2/ABR/DOCK4/MARCKS/RICTOR/RAPGEF6/TIAM1"
"HALLMARK_ALLOGRAFT_REJECTION","HALLMARK_ALLOGRAFT_REJECTION",126,0.327666607756083,1.66776532862906,0.000539476766660117,0.00125877912220694,0.000405621629067757,21,"tags=37%, list=15%, signal=31%","TIMP1/NME1/EIF5A/FGR/GPR65/NPM1/SRGN/HIF1A/SPI1/FLNA/EIF3J/IFNGR2/LCP2/BCL3/GBP2/UBE2N/CAPG/IL4R/IL2RG/CCR5/BCAT1/CCR1/TLR2/CD80/B2M/IFNAR2/TAP1/EIF3D/ICAM1/LYN/IL10/IL15/TAP2/GCNT1/IL6/UBE2D1/CSF1/CD47/MMP9/EIF3A/TGFB2/STAT1/PTPN6/IL12RB1/CD28/HLA-A"
"HALLMARK_COAGULATION","HALLMARK_COAGULATION",70,0.394216636764407,1.79566864366186,0.000573591387326794,0.0012775444535915,0.000411668459803919,22,"tags=36%, list=14%, signal=31%","TIMP1/APOC1/CTSB/SERPINA1/CD9/ADAM9/THBD/WDR1/GNB2/PLEK/APOC2/SH2B2/CAPN2/ARF4/GSN/CSRP1/ANXA1/FURIN/ITGB3/CTSH/PEF1/DUSP14/MAFF/THBS1/MMP9"
"HALLMARK_PROTEIN_SECRETION","HALLMARK_PROTEIN_SECRETION",85,0.350134589822768,1.66282852903947,0.000897802245552464,0.00191270913182916,0.000616340214338076,23,"tags=40%, list=16%, signal=34%","CD63/AP2S1/ARF1/TMED2/TMED10/CLTA/RER1/M6PR/CTSC/COPE/ARFGAP3/AP3S1/SEC24D/VAMP3/LMAN1/ATP1A1/ARCN1/YKT6/ANP32E/ERGIC3/CLTC/PAM/STX12/NAPA/USO1/GOLGA4/GLA/COPB1/TMX1/ABCA1/COPB2/GOSR2/IGF2R/AP2M1"
"HALLMARK_INTERFERON_ALPHA_RESPONSE","HALLMARK_INTERFERON_ALPHA_RESPONSE",86,0.337093974604362,1.60167074746481,0.00231654678670974,0.00472961635619905,0.00152404393862483,24,"tags=34%, list=16%, signal=29%","IFITM3/IFI30/IFITM2/PSME2/PLSCR1/PSMA3/GBP2/PSME1/IL4R/CCRL2/PROCR/PSMB8/B2M/TAP1/ISG15/LY6E/UBE2L6/NMI/IL15/BST2/CSF1/IFI35/CD47/ISG20/HELZ2/PARP9/PSMB9/GMPR/IFITM1"
"HALLMARK_TNFA_SIGNALING_VIA_NFKB","HALLMARK_TNFA_SIGNALING_VIA_NFKB",170,0.269804934846461,1.42432566955108,0.00247025477107885,0.00484169935131455,0.0015601609080498,25,"tags=29%, list=14%, signal=26%","PLAUR/NAMPT/SOCS3/SPHK1/G0S2/LITAF/HBEGF/IFNGR2/BCL3/PHLDA1/RELB/CD44/PANX1/VEGFA/EHD1/CCL20/ID2/FOSL2/DUSP4/TUBB2A/PLEK/PTPRE/SERPINB8/MAP2K3/TRIB1/PHLDA2/GCH1/NFIL3/AREG/TLR2/FOSL1/CCRL2/TGIF1/MYC/CD80/BHLHE40/DRAM1/B4GALT5/TNIP2/TAP1/ICAM1/BTG3/PDE4B/TNFAIP8/SLC2A3/IL6/CSF1/MAFF/ETS2/RCAN1"
"HALLMARK_UV_RESPONSE_DN","HALLMARK_UV_RESPONSE_DN",95,-0.407917481969532,-1.58968522338992,0.00441142326445322,0.00831383615223875,0.00267900198246147,26,"tags=48%, list=25%, signal=37%","SCAF8/PTEN/BMPR1A/SCHIP1/INSIG1/DLC1/TJP1/SPOP/SLC22A18/MGMT/GRK5/ATP2B1/ATRN/CITED2/TOGARAM1/WDR37/FZD2/SYNE1/DLG1/NR3C1/SMAD7/PIK3CD/KCNMA1/LPAR1/NEK7/ICA1/DYRK1A/MGLL/PRDM2/CDKN1B/PRKCA/DUSP1/YTHDC1/AKT3/LDLR/ARHGEF9/ATP2C1/CDK13/NIPBL/ATRX/PHF3/CELF2/DBP/NR1D2/TGFBR2/CACNA1A"
"HALLMARK_KRAS_SIGNALING_UP","HALLMARK_KRAS_SIGNALING_UP",133,0.284414586970932,1.45649693359557,0.00663689246955053,0.0120447307780732,0.00388122366640382,27,"tags=23%, list=10%, signal=21%","SPP1/FCER1G/PLAUR/LAPTM5/KCNN4/G0S2/RGS16/MAFB/ENG/HBEGF/LCP1/ALDH1A2/GPNMB/LY96/CCL20/ID2/PLEK2/GLRX/TNFRSF1B/NRP1/IL2RG/TRIB1/ANGPTL4/TMEM176A/ERO1A/RBP4/ADAM8/PSMB8/TMEM158/EMP1/GADD45G"
"HALLMARK_KRAS_SIGNALING_DN","HALLMARK_KRAS_SIGNALING_DN",61,-0.430384327887766,-1.56963987267328,0.00892529649101357,0.0151584988344303,0.00488458609057903,28,"tags=31%, list=19%, signal=25%","YPEL1/CELSR2/NR4A2/CPEB3/STAG3/BARD1/TFCP2L1/PTPRJ/SIDT1/MAST3/CAMK1D/MTHFR/RYR1/PLAG1/SKIL/BTG2/GRID2/SELENOP/SLC29A3"
"HALLMARK_APICAL_JUNCTION","HALLMARK_APICAL_JUNCTION",111,0.290715124058139,1.44173464368379,0.00897135645303015,0.0151584988344303,0.00488458609057903,29,"tags=24%, list=11%, signal=22%","RAC2/ZYX/PFN1/ARPC2/NECTIN2/MAPK13/TGFBI/ADAM9/VASP/ACTB/MSN/ACTN1/TSPAN4/ACTG1/MYL12B/STX4/GTF2F1/ITGB1/TNFRSF11B/VCAN/HRAS/SIRPA/CD276/ICAM1/TUBG1/RSU1/MAP3K20"
"HALLMARK_HEME_METABOLISM","HALLMARK_HEME_METABOLISM",132,-0.358586978057409,-1.45658508594688,0.0106074140241179,0.0173254429060593,0.00558284948637785,30,"tags=33%, list=24%, signal=25%","RBM38/SIDT2/DCAF10/FOXJ2/KLF3/ARHGEF12/UBAC1/TSPAN5/MARK3/VEZF1/FBXO34/CLCN3/BMP2K/CCDC28A/NR3C1/USP15/MKRN1/ADD1/EPOR/NEK7/FN3K/KAT2B/ATP6V0A1/KDM7A/YPEL5/PICALM/CCND3/TFDP2/ERMAP/CIR1/EZH1/DAAM1/NCOA4/EPB41/SELENBP1/BTG2/LPIN2/FOXO3/RBM5/C3/ABCG2/TNRC6B/TAL1"
"HALLMARK_ADIPOGENESIS","HALLMARK_ADIPOGENESIS",103,0.291899703567171,1.432514436512,0.0128063448289434,0.0202422869876848,0.00652275627959767,31,"tags=31%, list=14%, signal=27%","APOE/PIM3/PLIN2/PPARG/GPX3/ATP1B3/LPL/CD151/YWHAG/TALDO1/RAB34/PGM1/PFKL/FAH/DNAJB9/ALDOA/ANGPTL4/CMPK1/REEP5/PEMT/LPCAT3/STOM/SLC1A5/CAVIN1/JAGN1/GBE1/APLP2/SLC5A6/PREB/SOWAHC/GPAT4/ABCA1"
"HALLMARK_IL6_JAK_STAT3_SIGNALING","HALLMARK_IL6_JAK_STAT3_SIGNALING",64,0.331944491040072,1.49233907962968,0.0152198421645998,0.0227884662456553,0.00734322220590395,32,"tags=44%, list=15%, signal=37%","CD14/PIM1/SOCS3/TNFRSF12A/GRB2/CD9/PTPN2/IFNGR2/CD44/PTPN1/IL4R/TNFRSF1B/IL2RG/CCR1/TLR2/ITGB3/IL10RB/ITGA4/IL18R1/IL6/EBI3/IL1R1/CSF1/IFNAR1/STAT1/MYD88/IL1R2/IL12RB1"
"HALLMARK_ESTROGEN_RESPONSE_LATE","HALLMARK_ESTROGEN_RESPONSE_LATE",108,0.276008650768702,1.35950349253263,0.0153473344103393,0.0227884662456553,0.00734322220590395,33,"tags=31%, list=16%, signal=26%","FABP5/SLC7A5/S100A9/SERPINA1/MAPK13/CD9/HPRT1/BATF/GALE/CD44/ID2/BAG1/SNX10/UGDH/AREG/ELOVL5/DYNLT3/NXT1/ABHD2/ST14/NAB2/BTG3/XBP1/ARL3/SERPINA3/GLA/ISG20/PTPN6/TSPAN13/RAB31/LSR/FLNB/RBBP8"
"HALLMARK_UV_RESPONSE_UP","HALLMARK_UV_RESPONSE_UP",104,0.278769794137681,1.37000803957631,0.0169753086419753,0.0244644153957879,0.0078832702671712,34,"tags=30%, list=13%, signal=26%","AP2S1/ATP6V1F/PSMC3/GPX3/DDX21/GRINA/SELENOW/RPN1/RAB27A/BSG/CLTB/ENO2/PDAP1/TMBIM6/ALDOA/GCH1/ATP6V1C1/TFRC/FURIN/TAP1/STIP1/YKT6/ICAM1/POLR2H/MGAT1/BTG3/LYN/HTR7/IL6/POLE3/FEN1"
"HALLMARK_ESTROGEN_RESPONSE_EARLY","HALLMARK_ESTROGEN_RESPONSE_EARLY",111,-0.336387192586418,-1.33818754956698,0.0506775993622594,0.0709486391071632,0.0228620749002674,35,"tags=23%, list=17%, signal=19%","FDFT1/CBFA2T3/TIPARP/GAB2/SYNGR1/AFF1/CALCR/SCARB1/LRIG1/PLAAT3/NPY1R/ELF1/TOB1/JAK2/TGIF2/EGR3/FOS/NAV2/OLFML3/NRIP1/MED13L/DEPTOR/CXCL12/IL6ST/TIAM1"
"HALLMARK_E2F_TARGETS","HALLMARK_E2F_TARGETS",158,0.234638328863772,1.23302443316788,0.0579374275782155,0.0788592764259045,0.0254111524465858,36,"tags=17%, list=11%, signal=15%","NME1/RAN/TUBB/RANBP1/PA2G4/SNRPB/DCTPP1/EIF2S1/POLE4/GSPT1/LMNB1/XRCC6/LYAR/JPT1/NOLC1/PRPS1/SYNCRIP/MYC/KPNA2/TFRC/CDK4/POP7/CTPS1/ANP32E/SSRP1/TUBG1/PHF5A"
"HALLMARK_PEROXISOME","HALLMARK_PEROXISOME",53,0.279651900012821,1.20955312527452,0.144308943089431,0.186082584510056,0.0599621647186001,37,"tags=19%, list=10%, signal=17%","PRDX1/MVP/CNBP/ITGB1BP1/HSD3B7/ACSL5/ELOVL5/ERCC1/HRAS/CTPS1"
"HALLMARK_APOPTOSIS","HALLMARK_APOPTOSIS",108,0.239036420509092,1.17739370711586,0.141357027463651,0.186082584510056,0.0599621647186001,38,"tags=30%, list=15%, signal=25%","IFITM3/TIMP1/CD14/TNFRSF12A/BCAP31/GPX3/CD44/DNAJC3/APP/LMNA/DPYD/CASP4/ENO2/ETF1/GCH1/RARA/GSN/PEA15/ANXA1/LGALS3/TAP1/EMP1/DAP/BTG3/DDIT3/IL6/ISG20/TGFB2/CTNNB1/PSEN2/BIRC3/GNA15"
"HALLMARK_WNT_BETA_CATENIN_SIGNALING","HALLMARK_WNT_BETA_CATENIN_SIGNALING",35,-0.345830955320247,-1.13862677288261,0.284820031298905,0.357850808555034,0.11531175356231,39,"tags=51%, list=35%, signal=33%","ADAM17/NOTCH4/FZD8/JAG1/DVL2/WNT6/CCND2/TCF7/NCOR2/PTCH1/MAML1/CSNK1E/KAT2A/WNT5B/FZD1/FRAT1/SKP2/HDAC5"
"HALLMARK_ANDROGEN_RESPONSE","HALLMARK_ANDROGEN_RESPONSE",78,-0.283023472361198,-1.07339310415974,0.350249584026622,0.429055740432612,0.138256414747351,40,"tags=19%, list=12%, signal=17%","PLPP1/ZBTB10/CDC14B/HERC3/ELK4/HMGCS1/CCND3/SLC38A2/PIAS1/NCOA4/GUCY1A1/SELENOP/ABCC4/PMEPA1/MAF"
"HALLMARK_HEDGEHOG_SIGNALING","HALLMARK_HEDGEHOG_SIGNALING",19,-0.3774508796441,-1.07885801982341,0.369767765262133,0.441917573118159,0.142400936557946,41,"tags=42%, list=23%, signal=33%","OPHN1/PTCH1/TLE3/NF1/ADGRG1/LDB1/CDK6/DPYSL2"
"HALLMARK_MYOGENESIS","HALLMARK_MYOGENESIS",100,-0.263305396423525,-1.03300161567249,0.412968099861304,0.481796116504854,0.155251165361392,42,"tags=31%, list=13%, signal=27%","RB1/TPM2/ITGB5/PDE4DIP/IFRD1/CDH13/CAMK2B/SCHIP1/PICK1/GABARAPL2/EPHB3/CDKN1A/CTF1/SH2B1/FGF2/TSC2/AGL/VIPR1/GADD45B/PLXNB2/CFD/SSPN/HDAC5/RYR1/NAV2/EIF4A2/GAA/CKB/MEF2A/MEF2C/IGF1"
"HALLMARK_P53_PATHWAY","HALLMARK_P53_PATHWAY",159,-0.247571355846505,-1.02602636370917,0.430318916557449,0.490363416542209,0.158011842065159,43,"tags=19%, list=12%, signal=17%","CDKN2AIP/CCP110/ERCC5/ABCC5/APAF1/MDM2/IER5/XPC/IP6K2/PLXNB2/TXNIP/CCND3/CTSF/TOB1/RHBDF2/PRMT2/SERTAD3/PTPN14/CEBPA/ANKRA2/FOS/PLK2/MXD4/SESN1/BTG2/FOXO3/ZMAT3/ZFP36L1/JUN/DDB2"
"HALLMARK_TGF_BETA_SIGNALING","HALLMARK_TGF_BETA_SIGNALING",48,-0.282604070494294,-0.98965297296373,0.489471045374781,0.522571852391331,0.168390500233512,44,"tags=38%, list=24%, signal=29%","CDK9/BMPR1A/TJP1/APC/SMAD6/NCOR2/PPM1A/TRIM33/SMAD7/PPP1R15A/JUNB/BMPR2/SKI/ARID4B/SMURF2/CDKN1C/SKIL/PMEPA1"
"HALLMARK_NOTCH_SIGNALING","HALLMARK_NOTCH_SIGNALING",26,-0.320064287454716,-0.986498002332469,0.488752008569898,0.522571852391331,0.168390500233512,45,"tags=27%, list=13%, signal=24%","MAML2/ARRB1/KAT2A/FZD1/PRKCA/TCF7L2/ST3GAL6"
"HALLMARK_SPERMATOGENESIS","HALLMARK_SPERMATOGENESIS",57,-0.273258578725397,-0.985385900132412,0.490577657346964,0.522571852391331,0.168390500233512,46,"tags=44%, list=41%, signal=26%","TOPBP1/STAM2/ZC2HC1C/COIL/SHE/DPEP3/JAM3/PHKG2/PARP2/ACRBP/PCSK4/STRBP/ARL4A/PHF7/MLLT10/CHFR/GSTM3/MLF1/ZC3H14/BRAF/IP6K1/HSPA1L/PIAS2/SIRT1/TLE4"
"HALLMARK_BILE_ACID_METABOLISM","HALLMARK_BILE_ACID_METABOLISM",53,-0.266273467800842,-0.946954897176207,0.557630072193179,0.581359011435442,0.187333730859971,47,"tags=38%, list=32%, signal=26%","HACL1/SLC29A1/PEX6/PEX26/RETSAT/HSD17B6/NUDT12/PECR/SLC23A2/PAOX/SLC22A18/FADS1/NR3C2/FADS2/TFCP2L1/NPC1/PEX1/CH25H/LONP2/EFHC1"
"HALLMARK_APICAL_SURFACE","HALLMARK_APICAL_SURFACE",19,-0.296590626432498,-0.847737263807304,0.686552635238493,0.700855815139294,0.225839682644241,48,"tags=53%, list=30%, signal=37%","ADIPOR2/DCBLD2/NCOA6/GSTM3/BRCA1/AKAP7/CROCC/ADAM10/HSPB1/GHRL"
"HALLMARK_G2M_CHECKPOINT","HALLMARK_G2M_CHECKPOINT",148,-0.201910121082968,-0.831792856780179,0.811211057481351,0.811211057481351,0.261399911111069,49,"tags=23%, list=23%, signal=18%","STAG1/SMC2/SRSF10/RBM14/SMC4/BRCA2/UPF1/CUL5/UBE2S/TLE3/KMT5A/SRSF1/BARD1/PRPF4B/XPO1/HMGN2/CASP8AP2/RAD21/MTF2/CDKN1B/PDS5B/YTHDC1/SFPQ/RASAL2/STMN1/ATRX/NUMA1/HNRNPU/KIF20B/PURA/ARID4A/TRA2B/MARCKS/FOXN3"
