moa,AvgRank_moa,MOA.pseudo.zscore,N_compounds_moa,MOA.MW.p,Rank_moa,MOA.MW.FDR
mTOR inhibitor,22205.3720938931,1.95380482759706,21,9.39365948952367e-10,1,3.2126315454171e-07
sodium/calcium exchange inhibitor,23141.05,1.75406453402093,2,0.0437726106697481,2,0.639704370445633
antihistamine,25994.95,1.48432805107986,2,0.103626494401102,3,0.706622790656801
PI3K inhibitor,27953.1521421736,1.53571365473343,25,1.08333649158387e-07,4,1.85250540060841e-05
retinoid receptor ligand,28485.9439356436,1.24546116531659,2,0.312249013392453,5,0.85701610097089
melatonin receptor agonist,28532.9097222222,1.41941808414063,4,0.050365352579505,6,0.640372470214654
lipase clearing factor inhibitor,29120.6,1.35178013828438,2,0.054274714791219,7,0.640372470214654
mediator release inhibitor,29311.8592307692,1.23116175639658,2,0.193345512267903,8,0.817311941080833
insulin growth factor receptor inhibitor,29642.6875,1.23693131972371,2,0.171309762209875,9,0.772010340168464
nuclear factor erythroid derived,30189.5175,1.27552565278719,2,0.0550081607084417,10.5,0.640372470214654
like (NRF2) activator,30189.5175,1.27552565278719,2,0.0550081607084417,10.5,0.640372470214654
IGF-1 inhibitor,30325.8940428443,1.25109623431443,5,0.00506143686229195,12,0.162397532158126
GLI antagonist,31274.3576923077,1.19940286340222,2,0.069360315552432,13,0.677749369112336
beta amyloid protein neurotoxicity inhibitor,31694.0615384615,1.16967155998143,2,0.0938975959174576,14,0.706622790656801
norepinephrine transporter inhibitor,32421.4833333333,0.909643544021349,2,0.609293008467152,15,0.921330740026204
glutamate inhibitor,32694.3056410256,0.671896194707512,3,0.238544019439835,16,0.84801601503702
11-beta hydroxysteroid dehydrogenase inhibitor,32960.13,1.08233275550719,2,0.0768173006084058,17,0.691355705475652
PABA antagonist,33176.6,0.914063960787075,2,0.542132016802842,18,0.910708941682965
ephrin inhibitor,33195.4772055074,1.06190435146377,2,0.0909235990106601,19,0.706622790656801
HSP inhibitor,34256.6811603959,1.20275649204606,11,0.00134574347241096,20,0.0657491810806497
estrogenic hormone,35015.575,0.816956500681341,2,0.497155406891317,21,0.885974910226924
MEK inhibitor,35050.1187218455,0.981638725961593,16,7.34421390351997e-05,22,0.00837240385001276
AKT inhibitor,35360.2106423217,0.95245371968131,6,0.0246821868264031,23,0.527581743414367
other antifungal,35843.2,0.877169361818087,2,0.114869747939116,24,0.706622790656801
dynamin inhibitor,36173.125,0.843639264851316,2,0.272710394930268,25,0.85701610097089
oxidative stress inducer,36517.9040816327,0.829569322952683,2,0.234441251974739,26,0.84801601503702
serotonin receptor partial agonist,36698.85,0.770902032720342,5,0.243579728874273,27,0.84801601503702
protease inhibitor,36799.5416666667,0.761188943648271,2,0.389149129821206,28,0.861471394065975
JAK inhibitor,36969.4875574692,0.829145271808724,15,0.00241852903806703,29,0.103392116377366
growth factor receptor inhibitor,37048.7114457656,0.826120171726274,4,0.100407136351154,30,0.706622790656801
proteasome inhibitor,37169.2439781391,0.77956441202551,7,0.0196804655273689,31,0.471746477052185
MAP kinase inhibitor,37411.98629329,0.993419946388896,4,0.150449902745042,32,0.760149013445357
somatostatin receptor agonist,37477,0.765033221981716,2,0.18043790772794,33,0.791150826191738
calmodulin antagonist,37718.9366666667,0.743440056220661,2,0.20691875084612,34,0.822862939411316
GABA uptake inhibitor,37794.1330357143,0.72983115294962,2,0.336687978047271,35,0.85701610097089
DNA replication inhibitor,38015.4648214286,0.733756253174206,2,0.152876870880166,36,0.760149013445357
protein synthesis inhibitor,38234.6754148391,0.616310020725724,14,0.0614679111540975,37,0.640372470214654
local anesthetic,38729.8541666667,0.420319148754943,6,0.380923854818594,38,0.861471394065975
casein kinase inhibitor,38921.3890518084,0.666272872219115,3,0.108470782056355,39,0.706622790656801
bromodomain inhibitor,39009.0345970696,0.581678552548638,5,0.161702034308207,40,0.765121570788391
DNA dependent protein kinase inhibitor,39076.9983893557,0.649514283759433,2,0.226616164093848,41,0.84801601503702
anthelmintic agent,39079.1208333333,0.377072300607969,4,0.741909350020208,42,0.925088604285709
ALK tyrosine kinase receptor inhibitor,39194.9350483839,0.622230834707967,8,0.069120365697182,43,0.677749369112336
growth hormone secretagogue receptor agonist,39391.2532142857,0.644201474763217,2,0.197549547631112,44,0.817311941080833
membrane integrity inhibitor,39579.3812396878,0.58053668636515,5,0.199822434799258,45,0.817311941080833
GAT inhibitor,39605.0042857143,0.570553655629238,2,0.505921173024533,46,0.885974910226924
thyrotropin releasing hormone receptor agonist,39758.2666666667,0.598030929586961,2,0.297522162657542,47,0.85701610097089
vitamin K antagonist,39893.1975,0.59543856558578,3,0.170476154839046,48,0.772010340168464
EGFR inhibitor,40109.8603503103,0.614510862700732,29,0.00023796697464932,49,0.0164728431863287
RET tyrosine kinase inhibitor,40427.8680950732,0.578965980270622,6,0.11535322599646,50,0.706622790656801
cathepsin inhibitor,40834.3583333333,0.539050358580127,2,0.260401942138072,51,0.84801601503702
protein tyrosine kinase inhibitor,41092.1977599382,0.440157434970706,6,0.218819707412281,52,0.840857752078652
T-type calcium channel blocker,41250.8479166667,0.475639419539668,5,0.214420720025336,53,0.834775505853182
kinesin inhibitor,41355.7884615385,0.444571623283843,2,0.649912330408812,54,0.925088604285709
neurotrophic agent,41440.5277777778,0.465450089923158,2,0.579953619698672,55,0.920408974072106
bacterial cell wall synthesis inhibitor,41476.1679847208,0.482286496837546,15,0.0617903260733438,56,0.640372470214654
bacterial permeability inducer,41629.8811594203,0.473566050841382,2,0.380747182571767,57,0.861471394065975
gamma secretase inhibitor,41704.6871334463,0.489889701930166,7,0.114897727648965,58,0.706622790656801
SRC inhibitor,41919.5329297035,0.485711184543644,9,0.179519346196157,59,0.791150826191738
phospholipase inhibitor,41978.5,0.405339597165955,2,0.6464851212581,60,0.925088604285709
acetylcholinesterase inhibitor,42281.9944940476,0.118140651092838,8,0.801940987541978,61,0.931671842581269
FAAH inhibitor,42294.985,0.440124043637446,5,0.273504353937757,62,0.85701610097089
histone acetyltransferase inhibitor,42452.7787926675,0.415709030782524,2,0.570203243271715,63,0.920408974072106
opioid receptor antagonist,42499.8748829147,0.501835624409651,14,0.156032731304517,64,0.762331344373498
bacterial antifolate,42523.6696969697,0.193985876084195,4,0.72892169450191,65,0.925088604285709
ATR kinase inhibitor,42543.0763210019,-0.00636300151132941,3,0.991717605839669,66,0.994625868613392
interferon inducer,42638.3555555556,0.796981962791631,3,0.510342272850012,67,0.885974910226924
purine antagonist,42657.4226818989,0.411280199525543,4,0.23143783187431,68,0.84801601503702
FLT3 inhibitor,42717.5573368221,0.394914837819417,17,0.122141207741567,69,0.706622790656801
dihydrofolate reductase inhibitor,42860.7254552599,0.385780701526415,6,0.277552705474111,70,0.85701610097089
thromboxane synthase inhibitor,42875.2393939394,0.393352773981336,4,0.315697408140885,71,0.85701610097089
phospholipase activator,42888.025,0.34350736104372,2,0.724690507812221,72,0.925088604285709
WNT signaling inhibitor,43007.68,0.373508180659283,2,0.561602385949523,73,0.920408974072106
inositol monophosphatase inhibitor,43050.8779722104,0.387557951958146,3,0.375717980222747,74,0.861471394065975
Aurora kinase inhibitor,43154.8265650828,0.411940362943636,14,0.0748462237976831,75,0.691355705475652
hydantoin antiepileptic,43209.2238095238,0.375871912381437,2,0.433446637155419,76,0.885974910226924
neuropeptide receptor antagonist,43293.1660714286,0.368868325135089,3,0.353976595215846,77,0.85701610097089
dehydrogenase inhibitor,43296.3673330304,0.35400559299349,2,0.487806602390721,78,0.885974910226924
benzodiazepine receptor antagonist,43435.0317249417,0.334050617081938,3,0.500115327239521,79,0.885974910226924
focal adhesion kinase inhibitor,43470.8724554342,0.327713028942097,4,0.462061156594885,80,0.885974910226924
chloride channel blocker,43513.34775,0.353851783397887,2,0.463239427313872,81,0.885974910226924
HMGCR inhibitor,43562.1441505475,0.373282473726617,9,0.193265585506903,82,0.817311941080833
JNK inhibitor,43645.5259489574,0.346721375417559,4,0.345671385610969,83,0.85701610097089
ion channel antagonist,43914.7467948718,0.31139470498881,2,0.510334362524614,84,0.885974910226924
potassium channel activator,43999.6916211906,0.295014316604497,7,0.342277683800144,85,0.85701610097089
DNA polymerase inhibitor,44025.9348048942,0.255128392643143,6,0.399833439827073,86,0.870974754272987
histone lysine demethylase inhibitor,44045.6760683761,0.304028562398323,3,0.435482299173162,87,0.885974910226924
ATM kinase inhibitor,44057.7429052224,0.300518406128405,3,0.489454427493812,88,0.885974910226924
sulfonylurea,44126.2083333333,0.296456298714446,2,0.552710403818047,89,0.917606592746466
bacterial DNA gyrase inhibitor,44140.1002600004,0.210987192957436,16,0.392890787440211,90,0.861471394065975
chelating agent,44187.3776191673,0.2445897895216,6,0.423538644285605,91,0.877880099064708
antithyroid agent,44227.2758333333,0.284087104805035,2,0.566253394294675,92,0.920408974072106
autophagy inducer,44341.7833333333,0.222835536059583,2,0.829334502007067,93,0.934277311118728
platelet aggregation inhibitor,44347.8503174603,0.278431840588144,6,0.483597745912457,94,0.885974910226924
serotonin–norepinephrine reuptake inhibitor (SNRI),44376.0117474241,0.257748961369043,6,0.493008401897329,95,0.885974910226924
Bcr-Abl kinase inhibitor,44441.0070750716,0.222834967817666,10,0.451261528675633,96,0.885974910226924
thromboxane receptor antagonist,44504.2288461538,0.274026056966899,4,0.592640085012108,97,0.921285950337004
adenosine receptor agonist,44527.4076785714,0.263317833225116,8,0.462819512533015,98,0.885974910226924
lipase inhibitor,44674.375,0.255237766474738,2,0.572723602755775,99,0.920408974072106
progestogen hormone,44744.8078947368,0.249947991363624,2,0.755886757695734,100,0.925088604285709
platelet activating factor receptor antagonist,44816.2264705882,0.249508762191092,3,0.509231408921012,101,0.885974910226924
histamine receptor antagonist,44829.7905294309,0.166580150280864,42,0.28835045601965,102,0.85701610097089
STAT inhibitor,44850.150662594,0.274031245829868,4,0.480275838510546,103,0.885974910226924
RAF inhibitor,44850.8960534143,0.238068792853815,10,0.36287111385616,104,0.85701610097089
inosine monophosphate dehydrogenase inhibitor,44870.64925,0.24391403197564,2,0.68458226569158,105,0.925088604285709
topoisomerase inhibitor,44892.3263591744,0.247401390957783,24,0.135909330728972,106,0.749693404988845
BCL inhibitor,44948.383969662,0.24370048909959,5,0.406594266070025,107,0.87660509119122
osteoclast inhibitor,45083,0.22844801561882,2,0.633605940039033,108,0.925088604285709
androgen receptor antagonist,45140.2866393146,0.22441391536786,8,0.392336646334508,109,0.861471394065975
beta-catenin inhibitor,45163.35,0.219219401813416,2,0.68458226569158,110,0.925088604285709
VEGFR inhibitor,45173.0453498359,0.222464260962244,31,0.142063970363427,111,0.760006435546921
FGFR inhibitor,45255.1630600831,0.220219514895212,10,0.340304164426682,112,0.85701610097089
HIV integrase inhibitor,45259.1352035887,0.0505709737740333,6,0.907175758697329,113,0.951699722314376
MCL1 inhibitor,45354.1143958333,0.20893043552698,2,0.638895985918157,114,0.925088604285709
cannabinoid receptor antagonist,45416.775,0.0651954188005984,4,0.900712210261858,115,0.950751777498628
lipid peroxidase inhibitor,45457.9971153846,0.211909540328067,2,0.665233309422437,116,0.925088604285709
adenosine receptor antagonist,45542.8398005952,0.011887669169854,12,0.969924247562609,117,0.984858842223888
RNA polymerase inhibitor,45596.8472883747,0.119422620396795,10,0.64820383412889,118,0.925088604285709
vasopressin receptor antagonist,45687.5933035714,0.172201033261344,4,0.618010377492542,119,0.922967463329473
coagulation factor inhibitor,45712.047,0.213209974098231,5,0.609248018883622,120,0.921330740026204
mineralocorticoid receptor antagonist,45869.4505494506,0.177379655936375,2,0.700212640720305,121,0.925088604285709
CHK inhibitor,45883.970430839,0.176061575723428,3,0.679560827605935,122,0.925088604285709
serotonin receptor agonist,46081.3122469881,-0.0684075600233684,28,0.727271722615399,123,0.925088604285709
TRPV antagonist,46119.5675607903,0.159506734424911,5,0.578856676345252,124,0.920408974072106
potassium channel blocker,46203.6043377136,0.0370739867683449,13,0.895134873334805,125,0.95073331267237
Abl kinase inhibitor,46278.880644946,0.164784908543781,4,0.658960217840781,126,0.925088604285709
HDAC inhibitor,46341.7984246545,0.145052618007909,26,0.368366569715558,127,0.85701610097089
Bruton's tyrosine kinase (BTK) inhibitor,46582.2887442725,0.202104922824305,8,0.589114861765446,128,0.920972100605682
vesicular monoamine transporter inhibitor,46634.9084615385,0.116742594156761,2,0.810394080052304,129,0.931671842581269
NFkB pathway inhibitor,46650.8845193747,0.0592150596088455,18,0.774120148493072,130,0.925088604285709
thiazide diuretic,46789.641025641,-0.130034538196875,3,0.830468720994425,131,0.934277311118728
KIT inhibitor,46826.3636737384,0.0943908790773067,16,0.679459469431216,132,0.925088604285709
lipoxygenase inhibitor,46845.9598029898,0.101287846467104,9,0.720296112947939,133,0.925088604285709
IKK inhibitor,46851.1195222672,0.140017259866102,5,0.727148784832332,134,0.925088604285709
adrenergic receptor agonist,46860.2520395147,-0.0277740591680192,40,0.863286092958142,135,0.943271066427108
SIRT inhibitor,46930.2521739131,0.104882522015087,2,0.812858536109673,136,0.931671842581269
HCV inhibitor,46988.4951008421,0.0355561868461811,11,0.887895859415045,137,0.945982504423506
selective serotonin reuptake inhibitor (SSRI),46989.271953097,0.0897603334494085,7,0.76451727041471,138,0.925088604285709
free radical scavenger,47054.9033653846,0.103597491235095,4,0.78130186698432,139,0.925088604285709
SYK inhibitor,47060.8018939639,0.0882255747490705,5,0.805665983092265,140,0.931671842581269
smoothened receptor antagonist,47072.0889552707,0.13014177650063,5,0.719863704864577,141,0.925088604285709
PDGFR tyrosine kinase receptor inhibitor,47079.3706883872,0.0515661270873891,23,0.783052521891644,142,0.925088604285709
Pim kinase inhibitor,47094.6169117647,0.135674046111771,4,0.707077680119823,143,0.925088604285709
carnitine palmitoyltransferase inhibitor,47160.0667958656,0.0449737953434127,2,0.964093228701431,144,0.984858842223888
adenylyl cyclase activator,47162.716275764,0.086211523452285,3,0.873194479445728,145,0.944367540310153
adrenergic inhibitor,47168.5053571429,0.090845615997014,4,0.804695065313671,146,0.931671842581269
ATP channel blocker,47195.4987692308,0.133837180717397,4,0.733712651082448,147,0.925088604285709
calcium channel blocker,47195.6310812338,0.054072366409064,25,0.779921794731031,148,0.925088604285709
p38 MAPK inhibitor,47222.0125451107,0.176986768001406,14,0.453488857071983,149,0.885974910226924
tricyclic antidepressant,47250.1524603175,0.0697712173498927,6,0.818694279561577,150,0.931671842581269
dihydroorotate dehydrogenase inhibitor,47294.0569047619,0.0740425366908823,4,0.818059840229828,151,0.931671842581269
selective estrogen receptor modulator (SERM),47343.3246734563,0.0727955986871862,4,0.854340380287578,152,0.942981658970638
muscle relaxant,47408.5,-0.217008064119498,2,0.959028219626231,153,0.984858842223888
androgen receptor modulator,47423.0890625,0.0656132561880377,4,0.84230629168653,154,0.941695779080768
TP53 inhibitor,47434.1,0.0780489348317833,2,0.877515671114478,155,0.944367540310153
histamine receptor modulator,47468.6757575758,0.157743171202556,3,0.780260648587105,156,0.925088604285709
immunosuppressant,47488.7365,0.113818383532662,4,0.773833597653358,157,0.925088604285709
tachykinin antagonist,47513.1619951923,0.134124830909598,8,0.663861671346293,158,0.925088604285709
RNA synthesis inhibitor,47608.0062929238,0.0478548074032479,5,0.887253395462534,159,0.945982504423506
gap junction modulator,47637.9266666667,0.07359027486398,3,0.876944011254306,160,0.944367540310153
rho associated kinase inhibitor,47772.9357553273,-0.0891321630916202,7,0.819980188938486,161,0.931671842581269
constitutive androstane receptor (CAR) agonist,47786.0428571429,0.0357284377068252,2,0.937944127941774,162,0.969114476604491
membrane permeability inhibitor,47814.36,-0.121031063856954,2,0.963248954359466,163,0.984858842223888
vitamin B,47831.375,0.0362707314589095,2,0.93710156971888,164,0.969114476604491
HIV protease inhibitor,47845.5728547379,-0.0380612005800514,9,0.914178947114341,165,0.955163188071919
sodium channel blocker,47911.5784392856,0.0572133034248281,21,0.750311175567328,166,0.925088604285709
5 alpha reductase inhibitor,47987.3893567252,0.125359053422975,3,0.819019435143894,167,0.931671842581269
matrix metalloprotease inhibitor,48125.9213610951,0.0109474091705179,3,0.980330953149381,168,0.986097605814965
anticancer agent,48140.0333447802,0.0609065152033984,4,0.880280830658271,169,0.944367540310153
glucagon receptor antagonist,48337.275,0.0110864684486794,2,0.978451280401528,170,0.986097605814965
ATPase inhibitor,48361.9947719506,0.050697308481856,14,0.857761560932771,171,0.942981658970638
opioid receptor agonist,48514.1801020084,0.0541463283850947,13,0.903705560002459,172,0.950976312371819
carbonic anhydrase inhibitor,48601.7866666667,-0.00886085502838891,6,0.970460321138743,173,0.984858842223888
apoptosis stimulant,48625.6979848568,-0.0684283188669758,9,0.78443185743525,174,0.925088604285709
cholinesterase inhibitor,48699.1,-0.0154105173528896,3,0.96687934596296,175,0.984858842223888
O6-alkylguanine-DNA alkyltransferase inhibitor,48719.425,-0.0135708898712212,2,0.973382695546791,176,0.984902017387581
angiotensin converting enzyme inhibitor,48793.7841397491,-0.148896539329119,11,0.589745292493112,177,0.920972100605682
sterol demethylase inhibitor,48850.0951214939,-0.0217959930342736,9,0.929268168276948,178,0.965986971278772
DNA synthesis inhibitor,48899.5262808363,-0.065491489646039,15,0.776321335449676,179,0.925088604285709
nucleoside reverse transcriptase inhibitor,48913.2180952381,-0.053126462945943,9,0.850066719009134,180,0.942981658970638
cyclooxygenase inhibitor,48981.0458133787,-0.0772949660614517,53,0.536932529977612,181,0.910708941682965
steroid,49098.3580357143,-0.104722694178653,2,0.916062940606987,182,0.955163188071919
phosphodiesterase inhibitor,49180.3708395284,-0.138806423394525,48,0.296455242362225,183,0.85701610097089
dopamine receptor antagonist,49228.4507869899,-0.115354271521823,54,0.367357359684903,184,0.85701610097089
histamine receptor agonist,49241.8798611111,-0.159869018434177,8,0.635431627165109,185,0.925088604285709
calcium/calmodulin dependent protein kinase inhibitor,49308.0979166667,-0.0731952979922844,2,0.899692772062476,186,0.950751777498628
ACAT inhibitor,49333.2726233766,-0.0560365248941708,5,0.867170155459815,187,0.944367540310153
sodium/potassium/chloride transporter inhibitor,49386.6325925926,-0.067252315655425,3,0.860263969587249,188,0.942981658970638
acetylcholine receptor agonist,49411.5645986976,-0.295232078406924,15,0.418680251502746,189,0.87660509119122
glucocorticoid receptor agonist,49440.7622049796,-0.212597936977689,27,0.202480415840795,190,0.817311941080833
XIAP inhibitor,49513.9608907104,-0.143115646056732,4,0.737665955356157,191,0.925088604285709
CDK inhibitor,49535.3627267267,-0.0563944982438848,23,0.757383984611089,192,0.925088604285709
fungal squalene epoxidase inhibitor,49688.9894015252,-0.104422386366284,4,0.770393705941832,193,0.925088604285709
laxative,49762.3206349206,0.216328215573617,3,0.773630051549217,194,0.925088604285709
cytochrome P450 inhibitor,49769.1569469772,-0.155169300078436,13,0.545793520291784,195,0.910708941682965
norepinephrine reuptake inhibitor,49858.1865490114,-0.141668682733139,6,0.662314074343218,196,0.925088604285709
monoamine oxidase inhibitor,49931.6168623506,-0.206978484717648,14,0.349241897260732,197,0.85701610097089
CCK receptor antagonist,50000.0463457619,-0.0897655148576904,6,0.787450992839334,198,0.925457867873032
acetylcholine receptor antagonist,50004.2082264288,-0.158918651523323,29,0.340929375541409,199,0.85701610097089
ribonucleotide reductase inhibitor,50064.3633042219,-0.133704507903907,8,0.611428451949661,200,0.921330740026204
sigma receptor antagonist,50092.9573837371,-0.00108253117460943,6,0.995848867367044,201,0.995848867367044
estrogen receptor antagonist,50109.0607278085,-0.132424225246367,8,0.614220493350803,202,0.921330740026204
acetylcholine release enhancer,50116.97,-0.250728593755971,2,0.880857442569997,203,0.944367540310153
CC chemokine receptor antagonist,50187.5442328431,-0.151279104797974,10,0.596243153909739,204,0.921330740026204
serotonin receptor antagonist,50240.0518071306,-0.195926193929584,56,0.123968910641544,205,0.706622790656801
nitric oxide synthase inhibitor,50242.9235,-0.156381826840027,10,0.57697556052167,206,0.920408974072106
FXR agonist,50313.7190476191,-0.139705841970886,3,0.740079874431247,207,0.925088604285709
leukotriene receptor antagonist,50327.4969384629,-0.0917758302230709,8,0.752557896499931,208,0.925088604285709
GABA benzodiazepine site receptor partial agonist,50343.3583333333,-0.146400879701304,2,0.819027739033436,209,0.931671842581269
glutamate receptor antagonist,50389.9591975657,-0.227677084299494,22,0.320356415147057,210,0.85701610097089
PARP inhibitor,50480.9462795856,-0.19899489623474,10,0.459283767546062,211,0.885974910226924
GABA benzodiazepine site receptor inverse agonist,50491.9,-0.185035776589853,2,0.842569907598582,212,0.941695779080768
glutamate receptor agonist,50565.4441666667,-0.180845426114233,5,0.625773217132523,213,0.925088604285709
benzodiazepine receptor agonist,50590.9790274575,-0.299102305283105,11,0.276833034418106,214,0.85701610097089
adrenergic receptor antagonist,50683.4139193644,-0.314053264643024,44,0.0407157061320243,215,0.639704370445633
DNA directed DNA polymerase inhibitor,50708.6872132529,-0.169668299361039,6,0.614011556678547,216,0.921330740026204
tankyrase inhibitor,50720.4796825397,-0.170229533622034,3,0.686227834970201,217,0.925088604285709
P glycoprotein inhibitor,50765.3044978633,-0.186503021000198,6,0.63720579263235,218,0.925088604285709
hepatocyte growth factor receptor inhibitor,50903.1457417582,-0.183791228310915,2,0.756692169750395,219,0.925088604285709
AXL kinase inhibitor,50979.4828846154,-0.189952383173787,2,0.745440828538659,220,0.925088604285709
PLK inhibitor,50989.2335656074,-0.203969862546744,6,0.505054978565979,221,0.885974910226924
norepinephrine reputake inhibitor,51004.0907814408,-0.187564951630786,4,0.580778122587781,222,0.920408974072106
HCN channel blocker,51005.675,-0.1877088250529,2,0.73983528437834,223,0.925088604285709
adenosine reuptake inhibitor,51028.2715384616,-0.189526885064549,2,0.7635487632805,224,0.925088604285709
TP53 activator,51075.8947121821,-0.191894443153847,2,0.764760695182907,225,0.925088604285709
DNA inhibitor,51097.9527130116,-0.211308460068366,13,0.334471536188671,226,0.85701610097089
thymidylate synthase inhibitor,51146.5711209453,-0.20205805518994,7,0.481806758514958,227,0.885974910226924
bacterial 30S ribosomal subunit inhibitor,51161.5549007937,-0.157830041663255,12,0.558950488698992,228,0.920408974072106
beta lactamase inhibitor,51223.485,-0.206319505500458,2,0.71044140749509,229,0.925088604285709
metalloproteinase inhibitor,51286.0370562771,0.0726669759347939,5,0.85794924510561,230,0.942981658970638
thyroid hormone stimulant,51319.7391025641,-0.114541254857254,3,0.82574980191331,231,0.934277311118728
xanthine oxidase inhibitor,51333.2845430108,-0.185774458981584,4,0.726108408297234,232,0.925088604285709
non-nucleoside reverse transcriptase inhibitor,51431.5745726496,-0.217670811156871,6,0.420001879488967,233,0.87660509119122
glucocorticoid receptor antagonist,51446.918968254,-0.211082157930015,3,0.581310930992909,234,0.920408974072106
dopamine receptor agonist,51589.0743554858,-0.248747295600175,21,0.252385535193708,235,0.84801601503702
insulin sensitizer,51590.4226689052,-0.272203263380675,7,0.411317382586273,236,0.87660509119122
PKC inhibitor,51678.7939771612,-0.198548988346645,11,0.443583744575771,237,0.885974910226924
calcitonin antagonist,51703.9763888889,-0.277504434032483,2,0.769614158293493,238,0.925088604285709
TRPV agonist,51788.9421978022,-0.191009052632658,5,0.716606173189314,239,0.925088604285709
guanylate cyclase stimulant,51798.4783333333,-0.244758516346521,2,0.68458226569158,240,0.925088604285709
isocitrate dehydrogenase inhibitor,51813.51375,-0.244971029846682,2,0.621959004565635,241,0.924825998093248
immunostimulant,51900.2092592593,-0.279243767027668,3,0.611907017238003,242,0.921330740026204
imidazoline receptor ligand,51950.4011217949,-0.282623390843226,4,0.468012922853223,243,0.885974910226924
calcium sensitizer,51974.70625,-0.257623484834823,2,0.643444994369025,244,0.925088604285709
MDM inhibitor,51978.7582576556,-0.267178957814827,5,0.461495164149962,245,0.885974910226924
retinoid receptor agonist,52055.0054823462,-0.228067892814626,16,0.225371222570386,246,0.84801601503702
cannabinoid receptor agonist,52056.5283562271,-0.322601179630411,6,0.354722558994374,247,0.85701610097089
prostanoid receptor agonist,52094.5922943723,-0.320812716396953,6,0.358554503841042,248,0.85701610097089
structural glycoprotein antagonist,52113.72,-0.413641532169206,2,0.846300563574449,249,0.942784341180657
CDC inhibitor,52164.4656806843,-0.264865299139973,3,0.530268973657717,250,0.906759944954695
fatty acid synthase inhibitor,52348.2638888889,-0.290340816961448,2,0.68769781341269,251,0.925088604285709
protein synthesis stimulant,52357.8416666667,-0.237140396070489,3,0.608876062906821,252,0.921330740026204
kainate receptor antagonist,52457.3666666667,-0.273557309184034,2,0.54564689957264,253,0.910708941682965
purinergic receptor antagonist,52706.4509085213,-0.487191146642924,7,0.331583387718533,254,0.85701610097089
imidazoline receptor agonist,52719.2600370371,-0.303274651610101,3,0.420360336126784,255,0.87660509119122
tyrosine kinase inhibitor,52791.6583015669,-0.336583580739201,11,0.252236421064242,256,0.84801601503702
cell cycle inhibitor,52800.5752804487,-0.314329437378773,2,0.523004304721712,257,0.898831518667465
endothelin receptor antagonist,52828.0168043164,-0.273450958737075,7,0.545892786681309,258,0.910708941682965
prostanoid receptor antagonist,52833.7174304016,-0.323390119818858,9,0.259658540751143,259,0.84801601503702
neprilysin inhibitor,52904.8429824562,-0.334918260116735,2,0.653729043501067,260,0.925088604285709
antioxidant,53009.0250505051,-0.274272457709152,5,0.513802926006435,261,0.887477781283843
kinesin-like spindle protein inhibitor,53013.5938118812,-0.320716954733969,2,0.478882298139955,262,0.885974910226924
progesterone receptor antagonist,53085.9655357143,-0.333208066872926,4,0.351450845527228,263,0.85701610097089
serotonin transporter (SERT) inhibitor,53089.925,-0.333593311528343,2,0.587955714631007,264,0.920972100605682
farnesyltransferase inhibitor,53105.2565367965,-0.335688953735187,3,0.444704127762986,265,0.885974910226924
vitamin D receptor agonist,53138.9613763728,-0.447123488495426,9,0.116060328557747,266,0.706622790656801
antimalarial agent,53198.8413496377,-0.471548536749789,4,0.345479785925292,267,0.85701610097089
DNA methyltransferase inhibitor,53248.0030233593,-0.358886881279325,5,0.30823025329977,268,0.85701610097089
capillary stabilizing agent,53255.9833333333,-0.440749206719425,2,0.744639202937003,269,0.925088604285709
aromatase inhibitor,53256.1013957307,-0.238907542594905,6,0.491850829518383,270,0.885974910226924
thrombin inhibitor,53330.0958333333,-0.336311095155216,2,0.451696669708311,271,0.885974910226924
hypoxia inducible factor inhibitor,53388.6137662338,-0.352343936132056,2,0.491467993855654,272,0.885974910226924
cholesterol inhibitor,53435.7553968254,-0.389959744986701,6,0.328021417512946,273,0.85701610097089
guanylate cyclase activator,53457.3055555556,-0.364570020342767,2,0.505582530701011,274,0.885974910226924
antiviral,53529.5397924298,-0.363724922959934,3,0.362804017509995,275,0.85701610097089
voltage-gated sodium channel blocker,53621.1734126984,-0.398824659625263,3,0.392014764249971,276,0.861471394065975
estrogen receptor agonist,53635.5398944688,-0.450314520852176,16,0.042247897295305,277,0.639704370445633
GABA receptor modulator,53778.4372134039,-0.466853223785584,9,0.153363397449502,278,0.760149013445357
TGF beta receptor inhibitor,53905.6142261905,-0.341871221921109,6,0.293987375697657,279,0.85701610097089
leukotriene synthesis inhibitor,54008.6051282051,-0.394428823011618,3,0.366006166259358,280,0.85701610097089
nitric oxide production inhibitor,54011.5362801933,-0.394142288214155,3,0.334345294949672,281,0.85701610097089
orexin receptor antagonist,54058.8416666667,-0.386282686895725,2,0.392951863959918,282,0.861471394065975
bacterial 50S ribosomal subunit inhibitor,54092.0306017792,-0.250883117513569,7,0.50180096143477,283,0.885974910226924
dopamine reuptake inhibitor,54285.5518274318,-0.28691307469195,9,0.328855385187612,284,0.85701610097089
histone demethylase inhibitor,54311.6140555556,-0.417909069217834,2,0.413812415707628,285,0.87660509119122
GABA receptor antagonist,54318.8728956229,-0.40180742695368,6,0.30640763887846,286,0.85701610097089
angiogenesis inhibitor,54342.0284863036,-0.390544802101113,7,0.254472705435749,287,0.84801601503702
angiotensin receptor antagonist,54690.2655164524,-0.437075589546876,8,0.085037516822151,288,0.706622790656801
bone resorption inhibitor,54768.8222222222,-0.336823331506225,3,0.680511739281597,289,0.925088604285709
dipeptidyl peptidase inhibitor,54931.1614224664,-0.347500451962784,7,0.262835373081649,290,0.84801601503702
insulin secretagogue,55335.6426502525,-0.562754386233319,6,0.145353095467721,291,0.760149013445357
vasopressin receptor agonist,55362.4807692308,-0.488470408351939,2,0.35815311995163,292,0.85701610097089
cannabinoid receptor inverse agonist,55456.7308441559,-0.497473909319394,2,0.344469521520216,293,0.85701610097089
guanylyl cyclase inhibitor,55727.8,-0.520951416913373,2,0.37930991362322,294,0.861471394065975
calcineurin inhibitor,55845.225,-0.480217782294558,3,0.484845948649694,295,0.885974910226924
dihydropteroate synthetase inhibitor,55867.85,-0.528731398767793,2,0.353737629290794,296,0.85701610097089
tyrosinase inhibitor,55892.2125,-0.521486095742113,2,0.252413052427805,297,0.84801601503702
androgen receptor agonist,56003.2349206349,-0.536718306244021,3,0.214796036593801,298,0.834775505853182
diuretic,56524.7017825312,-0.565072185642948,3,0.135756103275274,299,0.749693404988845
PPAR receptor agonist,56623.0724985303,-0.53865093452098,18,0.010476231809364,300,0.298572606566874
cholesteryl ester transfer protein inhibitor,56828.0361904762,-0.601335605056748,3,0.17155785337077,301,0.772010340168464
Kir6 channel (KATP) activator,56916.2538461539,-0.605566727101972,2,0.307454917789892,302,0.85701610097089
protein kinase inhibitor,56991.7625,-0.605668132572779,4,0.0959899305999307,303,0.706622790656801
tumor necrosis factor production inhibitor,57017.3578295745,-0.6024786531819,4,0.105548395106863,304,0.706622790656801
glycine transporter inhibitor,57069.1449509804,-0.609012547981164,3,0.142223426535096,305,0.760006435546921
histone lysine methyltransferase inhibitor,57129.0088511461,-0.598832098032367,6,0.0735469402065227,306,0.691355705475652
serotonin reuptake inhibitor,57158.7030952381,-0.619311586413586,5,0.0580349008297564,307,0.640372470214654
microtubule inhibitor,57176.1499302756,-0.647816859391194,7,0.0362307388954139,308,0.639704370445633
DNA alkylating agent,57514.0665677609,-0.638671312080141,8,0.0289956961906298,309,0.583325182187965
tubulin polymerization inhibitor,57844.1302866425,-0.675539663475191,19,0.000240831040735799,310,0.0164728431863287
glutamate receptor modulator,57967.5486666667,-0.668789448191387,5,0.16331542300454,311,0.765121570788391
c-Met inhibitor,57978.1679966812,-0.681504129648292,4,0.0850132141570791,312,0.706622790656801
progesterone receptor agonist,58065.6689425268,-0.631477042823763,14,0.00522331243783448,313,0.162397532158126
integrin antagonist,58415.5513888889,-0.614749382171822,6,0.0613688531771256,314,0.640372470214654
glucosidase inhibitor,58432.529968254,-0.7050805401718,5,0.037978207339458,315,0.639704370445633
bacterial DNA inhibitor,58796.2944444444,-1.26090308363715,3,0.299442212378495,316,0.85701610097089
aldose reductase inhibitor,58918.13,-1.36322582726313,3,0.303895871854548,317,0.85701610097089
alcohol dehydrogenase inhibitor,59468.025,-0.959617324424039,2,0.689257581774856,318,0.925088604285709
aryl hydrocarbon receptor agonist,59643.6666666667,-0.793266501912961,2,0.249135292774959,319,0.84801601503702
PPAR receptor antagonist,59759.2041666667,-0.797879681033775,4,0.0348834211750248,320,0.639704370445633
gastrin inhibitor,60217.3111111111,-0.836487319247523,2,0.147474591635296,321,0.760149013445357
interleukin receptor agonist,60239.4875,-0.836537859372484,2,0.120586868498012,322,0.706622790656801
glucose dependent insulinotropic receptor agonist,60396.8068181818,-0.841508239445694,2,0.109250811076686,323,0.706622790656801
hedgehog pathway inhibitor,60541.7030982906,-1.08627007141824,3,0.195923482764567,324,0.817311941080833
AMPK activator,60680.8694444444,-0.923710284690346,3,0.121203627553078,325,0.706622790656801
analgesic agent,61061.4,-0.996621679716633,2,0.410190488809177,326,0.87660509119122
gonadotropin releasing factor hormone receptor agonist,61303.54,-0.907845033413574,2,0.102730487587637,327,0.706622790656801
telomerase inhibitor,61883.0875,-0.964854590387034,2,0.203133084771552,328,0.817311941080833
G protein-coupled receptor agonist,62447.409375,-0.990196144760415,2,0.108316412977272,329,0.706622790656801
caspase activator,62508.3970588235,-1.10446455119489,2,0.362044989617842,330,0.85701610097089
glycogen synthase kinase inhibitor,62509.6089239945,-1.02678217538299,8,0.00115838063106701,331,0.0657491810806497
aryl hydrocarbon receptor antagonist,62554.7292857143,-1.03971175281571,2,0.237161693056267,332,0.84801601503702
free fatty acid receptor agonist,63136.15,-1.04254747966646,2,0.0901166548059502,333,0.706622790656801
toll-like receptor agonist,63440.3145833333,-1.11490285044535,2,0.236741717918186,334,0.84801601503702
calcium channel activator,63614.5478632479,-1.06642119554004,3,0.0206906349584292,335,0.471746477052185
tumor necrosis factor release inhibitor,64359.6410714286,-1.11997287166914,2,0.0530270774055874,336,0.640372470214654
sodium/glucose cotransporter inhibitor,64378.9099462366,-1.11134267933624,4,0.0147112799065809,337,0.387019825234666
butyrylcholinesterase inhibitor,64434.65,-1.16670779946248,2,0.161895365864393,338,0.765121570788391
PKC activator,65193.9362010796,-1.17403689689325,2,0.0448915347681146,339,0.639704370445633
dihydropteroate synthase inhibitor,65286.7692307692,-1.30046945996502,2,0.257719765454137,340,0.84801601503702
urease inhibitor,67979.3611111111,-1.41719501699818,2,0.104868632585808,341,0.706622790656801
LXR agonist,74902.5347222222,-1.86224084001298,3,0.00510066006986351,342,0.162397532158126
