source,target,ligand_complex,receptor_complex,lr_means,cellphone_pvals,expr_prod,scaled_weight,lr_logfc,spec_weight,lrscore,lr_probs,cellchat_pvals,specificity_rank,magnitude_rank
MTC_456,NEUT,SPP1,CD44,3.8933558,0.0,10.963501,1.5414083,2.922254,0.07100153,0.9630173,0.25466037750200876,0.0,0.014529270779358382,4.732850770250246e-11
MTC_456,MONO,SPP1,CD44,3.8519053,0.0,10.470951,1.4807779,3.0852056,0.06781169,0.96219,0.24075443070012392,0.0,0.014529270779358382,1.2775945125959787e-09
MTC_Prolif,NEUT,SPP1,CD44,3.2383466,0.0,8.546183,1.2231759,1.0900931,0.05534656,0.9583167,0.21008126120060633,0.0,0.014529270779358382,3.5735729064172446e-08
MONO,MTC_456,TIMP1,CD63,3.2261834,0.0,10.210638,1.0576994,2.3017817,0.059811726,0.96172935,0.24151663016032113,0.0,0.014529270779358382,4.462969320574629e-08
MONO,MONO,TIMP1,CD63,3.177637,0.0,9.854238,1.0202229,1.9723448,0.057724003,0.9610701,0.23580473330009535,0.0,0.014529270779358382,7.988921562212407e-08
MONO,MTC_Prolif,TIMP1,CD63,3.1487184,0.0,9.6419325,0.9978964,1.8513564,0.05648037,0.96066064,0.22563246076092283,0.0,0.014529270779358382,1.3005676770820156e-07
MTC_Prolif,MONO,SPP1,CD44,3.196896,0.0,8.162234,1.1625454,1.2530447,0.052860044,0.9573889,0.1979630473254824,0.0,0.014529270779358382,3.2399704598022434e-07
T Cells,T Cells,B2M,KLRD1,3.5306396,0.0,8.600202,2.3687663,2.715073,0.16564839,0.95844233,0.19482118394583664,0.0,0.00030327261919352766,4.373653897083294e-07
NEUT,T Cells,S100A8,CD69,3.085207,0.0,8.898535,2.0690055,3.4802842,0.14837813,0.9591162,0.20057741486940198,0.0,0.0010702690971311462,8.224130359057725e-07
NEUT,B Cells,S100A8,CD69,3.0651722,0.0,8.7433605,2.0496552,3.389456,0.14579068,0.95876986,0.20436123234957024,0.0,0.001391373472105262,1.290306878805108e-06
NEUT,MTC_456,TIMP1,CD63,3.0641928,0.0,9.30944,0.9494287,1.7079368,0.0545327,0.9599922,0.2176951387248711,0.0,0.014529270779358382,1.3823334118541983e-06
NEUT,NEUT,S100A9,ITGB2,3.0577183,0.0,7.71062,1.3665707,2.0643046,0.07133181,0.9562126,0.19811489619864656,0.0,0.014529270779358382,1.4786297662656942e-06
NEUT,T Cells,B2M,KLRD1,3.2491703,0.0,7.7194138,2.0422802,2.2425041,0.14868353,0.9562365,0.17736699251680224,0.0,0.001003856262426244,2.388037919883502e-06
MTC_Prolif,MTC_123,APOE,SORL1,3.030703,0.0,8.392195,0.60979545,1.2853256,0.093208484,0.957952,0.2076632199508011,0.0,0.014529270779358382,2.4142733637868135e-06
MTC_Prolif,MTC_456,APOE,TREM2,3.017138,0.0,8.285812,0.42738295,0.7035513,0.07368449,0.9576943,0.20672829536506224,0.0,0.014529270779358382,3.002284241480239e-06
NEUT,MONO,TIMP1,CD63,3.0156465,0.0,8.984495,0.9119521,1.3785,0.052629244,0.9593043,0.21238886620453798,0.0,0.014529270779358382,3.1628479594870863e-06
B Cells,T Cells,B2M,KLRD1,3.1696582,0.0,7.4705997,1.9500506,2.1843066,0.14389114,0.9555458,0.17508538075718563,0.0,0.0015731877139104774,3.2478786421751364e-06
NEUT,NEUT,S100A9,CD68,3.0148475,0.0,7.3386765,1.4272457,2.1231074,0.07954923,0.9551658,0.19027719089651088,0.0,0.014529270779358382,3.3290281111098392e-06
MTC_Prolif,B Cells,HMGB1,CXCR4,3.0120368,0.0,9.07226,1.6119909,2.672321,0.069091186,0.9594936,0.20963968487254284,0.0,0.014529270779358382,3.500920661853322e-06
MONO,T Cells,B2M,KLRD1,3.1836634,0.0,7.5144253,1.9662923,2.1859226,0.14473526,0.9556698,0.17398185981365086,0.0,0.0014734701726741596,3.7459299164737765e-06
NEUT,MTC_456,S100A9,ITGB2,3.0427008,0.0,7.580331,1.3534425,2.1657429,0.07012649,0.9558544,0.17323581932946525,0.0,0.014529270779358382,4.012964629223801e-06
NEUT,MTC_Prolif,TIMP1,CD63,2.9867277,0.0,8.790928,0.88962555,1.2575116,0.051495373,0.95887697,0.20295844609903033,0.0,0.014529270779358382,4.2475331344023065e-06
MTC_456,MTC_123,APOE,SORL1,2.970016,0.0,8.132428,0.57285273,1.7043499,0.09032336,0.9573142,0.20609554467527283,0.0,0.014529270779358382,4.872170604471138e-06
NEUT,MTC_Prolif,S100A9,CD68,2.9691129,0.0,6.941888,1.3870633,2.025999,0.07524815,0.9539605,0.17771100324307937,0.0,0.014529270779358382,5.093213568998613e-06
NEUT,MTC_Prolif,S100A9,ITGB2,2.965756,0.0,6.912761,1.2861768,1.8658907,0.063950725,0.95386803,0.17851732861507197,0.0,0.014529270779358382,5.320831295681926e-06
NEUT,MONO,S100A9,CD68,3.008615,0.0,7.2846036,1.4217732,2.1942081,0.0789631,0.9550072,0.1689669747346434,0.0,0.014529270779358382,5.539372526894448e-06
MTC_456,MTC_456,APOE,TREM2,2.956451,0.0,8.029339,0.39044023,1.1225755,0.071403705,0.95705277,0.20516585040441415,0.0,0.014529270779358382,6.560888805089579e-06
NEUT,MTC_456,S100A9,CD68,2.9928758,0.0,7.148052,1.4079335,2.2959583,0.07748292,0.9545989,0.1657994632151571,0.0,0.014529270779358382,6.61822184415905e-06
MONO,NEUT,TIMP1,CD63,2.9321983,0.0,8.05236,0.83072513,1.629446,0.04716899,0.95711154,0.20039807521058167,0.0,0.014529270779358382,7.106281349522583e-06
MTC_Prolif,T Cells,B2M,KLRD1,3.0447006,0.0,7.0795765,1.8051043,1.9822217,0.13635965,0.95438987,0.16511531001861132,0.0,0.0024161852560263537,7.4100052425787085e-06
MTC_Prolif,MTC_Prolif,APOE,TREM2,2.923476,0.0,7.55128,0.35353467,0.2988237,0.06715241,0.95577335,0.1849997973535412,0.0,0.016791986904150614,7.979653449039979e-06
MONO,NEUT,SPP1,CD44,2.87823,0.0,7.21717,1.0482116,0.32336044,0.046739638,0.954807,0.18503435782161845,0.0,0.014529270779358382,1.0288861935283901e-05
MTC_456,MTC_Prolif,APOE,TREM2,2.8627892,0.0,7.3175426,0.31659195,0.71784794,0.06507381,0.95510405,0.18356357424062636,0.0,0.014529270779358382,1.102183855119351e-05
MTC_Prolif,MTC_123,APOE,TREM2,2.859531,0.0,7.0497985,0.30311838,0.3184123,0.062692806,0.954298,0.1627731494628885,0.0,0.014529270779358382,1.21851604231316e-05
MONO,MONO,SPP1,CD44,2.8367796,0.0,6.8929286,0.98758113,0.48631203,0.0446398,0.9538048,0.17404260529763468,0.0,0.014529270779358382,1.3427391696402425e-05
MTC_456,T Cells,B2M,KLRD1,2.9405656,0.0,6.7537117,1.6843137,1.8730572,0.13008317,0.95335317,0.1603866136995228,0.0,0.0032698396330628596,1.3511522540147001e-05
B Cells,NEUT,SPP1,CD44,2.8340917,0.0,7.054277,1.026767,0.36484718,0.045684714,0.95431185,0.18399455756952962,0.0,0.014529270779358382,1.3859447440645553e-05
NEUT,MTC_123,S100A9,ITGB2,2.9282432,0.0,6.5873055,1.2533858,1.9117662,0.060939897,0.9527953,0.15962086333603567,0.0,0.014529270779358382,1.5433998465913718e-05
MONO,T Cells,S100A8,CD69,2.8267415,0.0,7.7107167,1.870986,3.6835322,0.12857193,0.9562129,0.18067950778646139,0.0,0.002514078790650187,1.568009426814778e-05
NEUT,NEUT,S100A8,ITGB2,2.8250315,0.0,6.88343,1.3004354,2.0202646,0.07157073,0.9537744,0.18358788312875393,0.0,0.014529270779358382,1.6647199517489927e-05
NEUT,MTC_456,S100A8,ITGB2,2.8100142,0.0,6.7671185,1.2873073,2.121703,0.070361376,0.9533973,0.16016871075488623,0.0,0.014529270779358382,1.7653170064248876e-05
MONO,B Cells,S100A8,CD69,2.8067064,0.0,7.5762553,1.8516357,3.5927043,0.12632985,0.9558431,0.1841744373018243,0.0,0.004078599038076701,1.8170966550617077e-05
MONO,T Cells,LGALS1,CD69,2.8006954,0.0,7.5910172,1.519844,2.576767,0.08953554,0.95588416,0.17688739195377656,0.0,0.014529270779358382,1.923665514431363e-05
MTC_456,MTC_123,APOE,TREM2,2.798844,0.0,6.831584,0.26617566,0.73743653,0.06075225,0.95360744,0.16147529224537593,0.0,0.014529270779358382,1.9784736441201172e-05
B Cells,MONO,SPP1,CD44,2.7926414,0.0,6.7373543,0.9661365,0.5277988,0.04363227,0.9532992,0.17305145720886334,0.0,0.014529270779358382,2.034310181535775e-05
NEUT,MONO,S100A9,ITGB2,2.9029858,0.0,6.3681736,1.2313039,1.8908261,0.058912687,0.95202863,0.1539988940077805,0.0,0.014529270779358382,2.1430204895615885e-05
NEUT,NEUT,S100A8,CD68,2.7821608,0.0,6.5513887,1.3611104,2.0790675,0.07981568,0.9526722,0.17619860586896563,0.0,0.014529270779358382,2.26812940641988e-05
MONO,B Cells,LGALS1,CD69,2.7806602,0.0,7.4586434,1.5004936,2.485939,0.0879742,0.95551175,0.18032511369936144,0.0,0.014529270779358382,2.3292497051411684e-05
NEUT,MONO,S100A8,CD68,2.7759283,0.0,6.5031166,1.3556379,2.1501684,0.07922758,0.95250523,0.15616104385097798,0.0,0.014529270779358382,2.3914550800232317e-05
NEUT,NEUT,TIMP1,CD63,2.7702076,0.0,7.341652,0.7224543,1.0356013,0.04300582,0.9551745,0.17967151573448753,0.0,0.014529270779358382,2.4547549654877634e-05
MTC_123,T Cells,B2M,KLRD1,2.7698615,0.0,6.2195363,1.4863049,1.5380217,0.11979442,0.95148647,0.15182036001643337,0.0,0.005552189888212273,2.519158793008657e-05
MONO,T Cells,LGALS1,PTPRC,2.760378,0.0,7.324634,1.012928,1.7101659,0.049152642,0.9551248,0.19533999339736288,0.0,0.014529270779358382,2.7880020499609118e-05
NEUT,MTC_456,S100A8,CD68,2.760189,0.0,6.3812146,1.3417982,2.2519183,0.077742435,0.95207536,0.15318934410327287,0.0,0.014529270779358382,2.858066956699191e-05
T Cells,NEUT,B2M,LILRB2,3.318207,0.0,6.2648616,1.5690085,1.699275,0.07714101,0.9516538,0.15033365114791494,0.0,0.014529270779358382,2.8802724125458404e-05
MONO,B Cells,MIF,CD74_CXCR4,2.7551687,0.0,7.53017,1.5019069,2.5582552,0.06801337,0.95571417,0.1867988134140005,0.0,0.014529270779358382,2.9292923324334884e-05
NEUT,MTC_Prolif,S100A8,CD68,2.7364264,0.0,6.1971674,1.320928,1.9819593,0.07550019,0.95140326,0.16437344572470156,0.0,0.014529270779358382,3.150025367266732e-05
NEUT,MTC_Prolif,S100A8,ITGB2,2.7330692,0.0,6.1711655,1.2200415,1.8218509,0.06416492,0.9513059,0.16513140763695522,0.0,0.014529270779358382,3.225986697900364e-05
T Cells,T Cells,B2M,CD247,3.3799276,0.0,6.9433775,2.3341672,2.34023,0.1639823,0.9539652,0.1484975866152364,0.0,0.0003390595411358974,3.3048975744297154e-05
NEUT,T Cells,LGALS1,CD69,2.7275615,0.0,7.254919,1.470968,2.2895772,0.08557128,0.9549194,0.16435589096291697,0.0,0.014529270779358382,3.381541236411976e-05
MONO,NEUT,S100A9,ITGB2,2.719841,0.0,6.509483,1.1218979,2.1902597,0.06021996,0.95252734,0.17956469739463699,0.0,0.014529270779358382,3.624093634578441e-05
NEUT,B Cells,LGALS1,CD69,2.7075262,0.0,7.128406,1.4516176,2.198749,0.08407907,0.95453924,0.1675996586119833,0.0,0.014529270779358382,3.792051811619903e-05
MONO,MTC_456,S100A9,ITGB2,2.7048237,0.0,6.39949,1.1087698,2.291698,0.059202395,0.95214057,0.15656032103336237,0.0,0.014529270779358382,3.877936017703861e-05
NEUT,MTC_123,S100A8,ITGB2,2.6955566,0.0,5.8806243,1.1872505,1.8677263,0.061144013,0.9501768,0.14739763448465398,0.0,0.014529270779358382,4.053561542327072e-05
MTC_Prolif,T Cells,HMGB1,CXCR4,2.6954355,0.0,7.158493,1.3274693,2.1731513,0.054516595,0.9546305,0.16818142894342364,0.0,0.014529270779358382,4.143321602954473e-05
NEUT,T Cells,S100A9,ITGB2,2.8335476,0.0,5.765733,1.1706017,2.0046318,0.053339437,0.9497076,0.14649145654888662,0.0,0.014529270779358382,4.144489849871236e-05
NEUT,T Cells,LGALS1,PTPRC,2.687244,0.0,7.0003304,0.9640519,1.422976,0.046976373,0.95414424,0.1817899452312048,0.0,0.014529270779358382,4.23439235227151e-05
MONO,MTC_123,TIMP1,CD63,2.678463,0.0,6.1895723,0.63482034,1.1229182,0.036257185,0.9513749,0.15167339409666714,0.0,0.02383870458102864,4.6119694657107434e-05
MONO,NEUT,S100A9,CD68,2.6769702,0.0,6.19548,1.182573,2.2490625,0.06715729,0.95139694,0.1723031751381001,0.0,0.014529270779358382,4.9093730580432616e-05
MONO,MONO,S100A9,CD68,2.6707377,0.0,6.1498303,1.1771004,2.3201632,0.06666247,0.9512257,0.1526265332098439,0.0,0.014529270779358382,5.1145541206919855e-05
NEUT,MONO,S100A8,ITGB2,2.670299,0.0,5.6850004,1.1651686,1.8467863,0.059110012,0.9493698,0.14213336422750325,0.0,0.014529270779358382,5.219246272621102e-05
T Cells,MONO,HLA-A,APLP2,2.6685874,0.0,6.182682,1.0185966,1.5372803,0.04649258,0.9513491,0.15881331427955955,0.0,0.014529270779358382,5.325351951531482e-05
T Cells,T Cells,HLA-B,KLRD1,2.6582408,0.0,5.870248,2.196472,2.6948133,0.1782355,0.95013493,0.1449682963503556,0.0,0.00015805873761595633,5.65224344789948e-05
MONO,MTC_456,S100A9,CD68,2.6549988,0.0,6.0345507,1.1632607,2.4219134,0.065412864,0.9507848,0.14971016108453558,0.0,0.014529270779358382,5.764096517745208e-05
T Cells,NEUT,HLA-A,APLP2,2.6419716,0.0,5.989054,0.9923435,1.4286219,0.045036532,0.9506075,0.1587411502005102,0.0,0.014529270779358382,6.226203484961889e-05
MONO,MTC_Prolif,S100A9,CD68,2.6312358,0.0,5.860502,1.1423905,2.1519542,0.06352622,0.95009553,0.16068845341262666,0.0,0.014529270779358382,6.588473829798906e-05
MONO,MTC_Prolif,S100A9,ITGB2,2.6278787,0.0,5.835912,1.041504,1.9918458,0.053988677,0.94999576,0.1614327057223812,0.0,0.014529270779358382,6.712268826823133e-05
T Cells,B Cells,HMGB1,CXCR4,2.6271915,0.0,6.7618685,1.2784233,2.2291665,0.051496044,0.95338005,0.17640997829203775,0.0,0.014529270779358382,6.837598427135255e-05
NEUT,NEUT,B2M,LILRB2,3.0367377,0.0,5.623247,1.2425225,1.226706,0.06924063,0.9491067,0.13619098257602355,0.0,0.014529270779358382,6.926608721131481e-05
NEUT,T Cells,B2M,CD247,3.0984583,0.0,6.232273,2.0076811,1.8676609,0.14718808,0.9515337,0.13450030370206126,0.0,0.0012239183091679842,7.874268554573121e-05
MONO,NEUT,LGALS1,PTPRC,2.6139984,0.0,6.3574867,0.88618267,1.370196,0.04266251,0.9519903,0.1722378783970471,0.0,0.014529270779358382,7.89659548025618e-05
B Cells,NEUT,B2M,LILRB2,2.9572253,0.0,5.4419975,1.1502929,1.1685085,0.06700885,0.94830954,0.13435254302352953,0.0,0.014529270779358382,8.073571733491824e-05
B Cells,B Cells,HMGB1,CXCR4,2.6087937,0.0,6.6514187,1.2624756,2.1709557,0.050654896,0.95301265,0.17164513876922324,0.0,0.014529270779358382,8.177340595975979e-05
MONO,NEUT,B2M,LILRB2,2.9712305,0.0,5.4739227,1.1665345,1.1701245,0.06740195,0.9484527,0.13346421471173803,0.0,0.014529270779358382,8.482164885498251e-05
B Cells,T Cells,B2M,CD247,3.0189462,0.0,6.031393,1.9154515,1.8094634,0.14244388,0.9507726,0.1326811810621058,0.0,0.0017856747201117499,8.691508699031564e-05
NEUT,T Cells,S100A8,ITGB2,2.6008608,0.0,5.147189,1.1044664,1.9605919,0.053518094,0.9469273,0.13511198935049015,0.0,0.014529270779358382,8.908007001292347e-05
NEUT,NEUT,VIM,CD44,2.5952358,0.0,6.1727767,2.427927,2.6872616,0.09838117,0.951312,0.16062628772338258,0.0,0.0009272537790699736,9.211989356554258e-05
MONO,MTC_123,S100A9,ITGB2,2.5903661,0.0,5.561155,1.008713,2.0377212,0.051446866,0.9488378,0.1440276182342515,0.0,0.014529270779358382,9.366528050232183e-05
MONO,T Cells,B2M,CD247,3.0329514,0.0,6.066776,1.9316932,1.8110794,0.14327952,0.95090926,0.13180222106667178,0.0,0.0016772275654798761,9.789775850129395e-05
MONO,NEUT,S100A8,ITGB2,2.566566,0.0,5.964597,1.1024159,2.223513,0.06201713,0.9505113,0.16502746498147267,0.0,0.014529270779358382,0.00010835464022272745
MONO,MONO,S100A9,ITGB2,2.5651088,0.0,5.3761587,0.98663116,2.0167813,0.049735446,0.9480104,0.1388641042522127,0.0,0.014529270779358382,0.00011007524671953488
NEUT,MTC_123,S100A9,CD68,2.761674,0.0,5.1421623,1.2048122,1.7872461,0.055739623,0.94690275,0.13060801602047065,0.0,0.014529270779358382,0.00011732217404972466
NEUT,MONO,VIM,CD44,2.5537853,0.0,5.895457,2.3672965,2.850213,0.09396127,0.9502363,0.15081614627742804,0.0,0.0011542671793138026,0.00012449687372712546
MONO,MTC_456,S100A8,ITGB2,2.5515485,0.0,5.8638115,1.0892878,2.3249512,0.060969204,0.95010895,0.14355960015624225,0.0,0.014529270779358382,0.00012638305355083059
NEUT,NEUT,LGALS1,PTPRC,2.5408645,0.0,6.076004,0.8373066,1.0830061,0.040773593,0.9509447,0.15997175256286078,0.0,0.014529270779358382,0.00013021207487428987
MONO,NEUT,VIM,CD44,2.5377426,0.0,5.9605975,2.3774893,3.0344367,0.09499948,0.95049554,0.16091723519517462,0.0,0.0009272537790699736,0.00013609863774411487
MTC_Prolif,NEUT,B2M,LILRB2,2.8322678,0.0,5.1571546,1.0053465,0.96642375,0.0635015,0.9469759,0.12634670371786083,0.0,0.014529270779358382,0.0001391461066763232
MTC_123,B Cells,HMGB1,CXCR4,2.5252903,0.0,6.1501117,1.190096,2.1291137,0.046837118,0.9512267,0.16172582665875157,0.0,0.014529270779358382,0.00014421823087132092
MONO,NEUT,S100A8,CD68,2.5236952,0.0,5.6768785,1.163091,2.2823157,0.069161505,0.94933546,0.1582404358442159,0.0,0.014529270779358382,0.00014629710479084236
MTC_Prolif,T Cells,B2M,CD247,2.8939886,0.0,5.7157,1.7705052,1.6073786,0.13498813,0.9494991,0.12476058153939631,0.0,0.003293370833560452,0.00014797661167282586
MONO,MONO,S100A8,CD68,2.5174627,0.0,5.63505,1.1576184,2.3534164,0.06865191,0.9491573,0.13989829086155717,0.0,0.014529270779358382,0.00015698990503682146
NEUT,MTC_123,TIMP1,CD63,2.5164723,0.0,5.6432757,0.52654946,0.5290735,0.0330571,0.94919246,0.1351346012727146,0.0,0.04359822450736596,0.00015918879140332828
MTC_456,NEUT,B2M,LILRB2,2.7281327,0.0,4.919777,0.8845558,0.8572593,0.060578603,0.94578034,0.12256529649864008,0.0,0.014529270779358382,0.00016673631909763299
MONO,MTC_456,S100A8,CD68,2.5017235,0.0,5.52942,1.1437787,2.4551666,0.06736501,0.94869876,0.13718575414454817,0.0,0.014529270779358382,0.00017751914407527773
MTC_456,T Cells,B2M,CD247,2.7898536,0.0,5.4526134,1.6497146,1.4982141,0.12877479,0.9483573,0.12102006934144759,0.0,0.005291269669527111,0.0001870087578675541
MONO,MONO,VIM,CD44,2.496292,0.0,5.6928096,2.3168588,3.1973882,0.0907315,0.9494028,0.15109252293666414,0.0,0.0017991821568164033,0.00019214853207246031
MONO,T Cells,S100A9,ITGB2,2.4956703,0.0,4.867564,0.92592895,2.1305869,0.04503038,0.9455061,0.1319793842014968,0.0,0.014529270779358382,0.00019466182592158042
MTC_123,MTC_Prolif,C3,CD81,2.4894924,0.0,6.197558,0.6130631,1.0126103,0.10367637,0.9514047,0.16429080693974007,0.0,0.014529270779358382,0.00020755544759399223
NEUT,MTC_123,S100A8,CD68,2.5289872,0.0,4.5905147,1.1386769,1.7432063,0.05592632,0.9439765,0.12028848734248235,0.0,0.014529270779358382,0.00020885115100737555
T Cells,MTC_456,HLA-B,CANX,2.503777,0.0,4.711195,0.6520893,1.0755458,0.034852058,0.94465876,0.11916328431738064,0.0,0.030738186121872027,0.0002164906950378385
MTC_456,B Cells,MIF,CD74_CXCR4,2.4834714,0.0,5.899056,1.2930263,2.465536,0.053280964,0.95025074,0.15105092396996686,0.0,0.014529270779358382,0.00021826837669795455
MONO,MTC_Prolif,S100A8,CD68,2.4779606,0.0,5.36994,1.1229085,2.1852074,0.06542207,0.9479819,0.14740484338312676,0.0,0.014529270779358382,0.00022934140111619824
NEUT,T Cells,HLA-B,KLRD1,2.4767995,0.0,5.3024726,2.040944,2.3119054,0.1609964,0.94766927,0.13134175149843755,0.0,0.0003890240938768585,0.0002378859698160096
T Cells,MTC_Prolif,HLA-A,APLP2,2.4993043,0.0,4.951167,0.8515708,1.1981282,0.037231825,0.9459432,0.11723585532600152,0.0,0.019871956224193875,0.00024051510029269164
MONO,MTC_Prolif,S100A8,ITGB2,2.4746037,0.0,5.347409,1.022022,2.025099,0.055599887,0.9478781,0.1480984269169462,0.0,0.014529270779358382,0.0002436978970694218
MTC_Prolif,B Cells,MIF,CD74_CXCR4,2.4700408,0.0,5.818426,1.2827122,2.0459719,0.052552704,0.94992447,0.14724235871764732,0.0,0.014529270779358382,0.00025560232152016044
MTC_123,NEUT,B2M,LILRB2,2.5574286,0.0,4.530654,0.68654716,0.5222237,0.05578722,0.94362843,0.11574061848191837,0.0,0.014529270779358382,0.0002662423638709813
MTC_456,MTC_Prolif,APOE,SORL1,2.4941278,0.0,4.5158515,0.20088248,0.48314703,0.050155602,0.94354135,0.11491785386045317,0.004,0.0494049348202471,0.00027976229080133345
T Cells,MTC_Prolif,HLA-B,CANX,2.5027072,0.0,4.7031684,0.65105855,0.8359618,0.034792677,0.9446142,0.11474882463359282,0.0,0.03138555568230629,0.00028902345189380787
MTC_123,T Cells,B2M,CD247,2.6191494,0.0,5.0213466,1.4517058,1.1631786,0.118589535,0.9463019,0.11427022728192911,0.0,0.014529270779358382,0.0002937291804223803
MONO,MTC_123,S100A8,ITGB2,2.4370909,0.0,5.0956507,0.98923093,2.0709743,0.052982222,0.94667387,0.13190485306179223,0.0,0.014529270779358382,0.0003139445164833004
MTC_Prolif,MONO,HMGB1,CD163,2.4318886,0.0,5.565425,1.1218159,1.6607151,0.07389902,0.9488565,0.13877293707365496,0.0,0.014529270779358382,0.00032800427501824815
T Cells,NEUT,HLA-B,LILRB2,2.4458082,0.0,4.2762127,1.3967142,1.6790154,0.083002724,0.9420713,0.11030516198727275,0.0,0.014529270779358382,0.0003436041422451321
MONO,MTC_123,S100A9,CD68,2.4237967,0.0,4.341132,0.9601394,1.9132012,0.047056675,0.9424811,0.11745289570482145,0.0,0.014529270779358382,0.00034615700552766024
MTC_456,NEUT,CD14,ITGB2,2.4197,0.0,5.4424953,0.3150332,0.8878062,0.039738916,0.9483118,0.1550271355262024,0.0,0.014529270779358382,0.00036114859987388444
NEUT,B Cells,MIF,CD74_CXCR4,2.4192135,0.0,5.513288,1.2436371,2.0618124,0.049796663,0.9486276,0.13910227047190296,0.0,0.014529270779358382,0.00036496243958639466
MONO,MONO,S100A8,ITGB2,2.4118335,0.0,4.92614,0.96714914,2.0500345,0.051219728,0.9458135,0.1271114110684631,0.0,0.014529270779358382,0.00038840626082275304
MONO,MTC_123,LGALS1,PTPRC,2.4108012,0.0,5.014937,0.7102484,1.1423675,0.033653203,0.94626945,0.13116938760489788,0.0,0.03883938119390074,0.00039643664084394774
MTC_456,MTC_456,CD14,ITGB2,2.4046826,0.0,5.3505316,0.30190498,0.98924434,0.03906743,0.94789255,0.13465039091103137,0.0,0.014529270779358382,0.00041282533837759815
MONO,MTC_Prolif,LGALS1,PTPRC,2.393289,0.0,4.8992324,0.69508123,0.97598183,0.032876752,0.9456729,0.12086936219383194,0.0,0.044799993759564116,0.0004425725377766074
T Cells,NEUT,HLA-A,LILRB2,2.3885999,0.0,4.145806,1.4949108,1.8639511,0.09280931,0.94122046,0.10806051696657556,0.0,0.014529270779358382,0.00045132462736678316
T Cells,T Cells,B2M,CD3D,3.3801785,0.0,6.9461327,2.2939236,2.4024348,0.16440526,0.9539739,0.09137462237612892,0.0,0.00032339939295895204,0.0004887247330682361
T Cells,B Cells,MIF,CD74_CXCR4,2.3632753,0.0,5.177466,1.2006317,2.0382166,0.04676348,0.94707453,0.1272099179746127,0.0,0.014529270779358382,0.0005352948380293937
MONO,B Cells,HMGB1,CXCR4,2.3596983,0.0,5.155992,1.0465693,1.7843616,0.039266247,0.9469702,0.12275164138582592,0.0,0.014529270779358382,0.0005452157655563481
NEUT,B Cells,HMGB1,CXCR4,2.3474283,0.0,5.0823298,1.0359348,1.7058837,0.03870526,0.94660777,0.13646820486835434,0.0,0.014529270779358382,0.000580894696307977
MONO,T Cells,S100A8,ITGB2,2.3423953,0.0,4.460118,0.90644693,2.16384,0.046374246,0.94320965,0.12072768581974175,0.0,0.014529270779358382,0.0006126770207765627
MONO,T Cells,HLA-B,KLRD1,2.3394084,0.0,4.8725414,1.9231739,2.1983123,0.14794262,0.94553244,0.12432620269018403,0.0,0.0011277665608490392,0.0006180832366395257
B Cells,T Cells,HLA-B,KLRD1,2.3388023,0.0,4.870645,1.9226553,2.2497277,0.14788505,0.9455224,0.12634810707541377,0.0,0.001139504032916436,0.0006235208755799408
MTC_456,MTC_Prolif,CD14,ITGB2,2.3277373,0.0,4.8793316,0.23463932,0.6893923,0.035626914,0.94556826,0.1389532418470991,0.0,0.02669011557467332,0.0006738881223638558
T Cells,T Cells,HMGB1,CXCR4,2.3105903,0.0,5.335472,0.9939016,1.7299968,0.0406331,0.94782287,0.14035621595442696,0.0,0.014529270779358382,0.0007825347408665251
MTC_123,MTC_123,APOE,SORL1,2.3098345,0.0,5.3065658,0.1709552,0.27353466,0.05893773,0.9476884,0.1496425908989596,0.0,0.03726570877383592,0.0007888877172353093
B Cells,T Cells,HMGB1,CXCR4,2.2921925,0.0,5.248321,0.9779539,1.6717858,0.039969392,0.94741416,0.136403905718347,0.0,0.014529270779358382,0.0008883053996010099
MTC_456,MTC_123,CD14,ITGB2,2.290225,0.0,4.6496105,0.2018482,0.73526776,0.033949584,0.9443138,0.12361453374791978,0.0,0.036867999409983636,0.000902154022057297
MTC_456,B Cells,HMGB1,CXCR4,2.2874818,0.0,4.7224455,0.9839673,1.6114712,0.035964504,0.9447211,0.11245794878102554,0.0,0.025159191784159905,0.0009091314290308681
B Cells,B Cells,MIF,CD74_CXCR4,2.279403,0.0,4.6739445,1.1361542,1.8890927,0.042215616,0.9444509,0.11906868653845341,0.0,0.014529270779358382,0.0009161443482794975
MONO,MTC_123,S100A8,CD68,2.2705216,0.0,3.9777513,0.9406574,1.9464544,0.04846101,0.94006526,0.1072865614082098,0.0,0.014529270779358382,0.0009808729031280953
MTC_456,MONO,CD14,ITGB2,2.2649674,0.0,4.494938,0.17976636,0.7143277,0.03282023,0.9434176,0.11908103625361077,0.0,0.04526472000526138,0.001003100719221155
MONO,NEUT,VCAN,CD44,2.2648678,0.0,4.9535513,2.7560928,3.3799381,0.1583805,0.94595546,0.141257173065387,0.0,0.00024375006556965343,0.0010105831403183075
NEUT,NEUT,HLA-B,LILRB2,2.2643666,0.0,3.862614,1.2411864,1.2961075,0.07497463,0.9392324,0.09955746019357806,0.0,0.014529270779358382,0.0010256582216371483
NEUT,T Cells,B2M,CD3D,3.098709,0.0,6.234746,1.9674377,1.9298657,0.14756772,0.9515428,0.08224166654886425,0.0,0.001175196984783927,0.0010483349125800397
NEUT,MONO,HLA-A,APLP2,2.2543144,0.0,4.7743735,0.672817,0.83487546,0.035902373,0.94500595,0.12885445340540305,0.0,0.02541546781445934,0.0010953320235754674
NEUT,NEUT,VCAN,CD44,2.2529964,0.0,4.909739,2.7411206,2.9571514,0.15697968,0.94572794,0.13960993910094266,0.0,0.00026635912961100105,0.0011112271618267332
T Cells,NEUT,HLA-C,LILRB2,2.2321846,0.0,3.7892544,1.3602396,1.7470008,0.086996384,0.93868285,0.10337800570563928,0.0,0.014529270779358382,0.0012525146467535244
B Cells,MONO,HLA-A,APLP2,2.2310882,0.0,4.6954174,0.65342915,0.95426154,0.035308637,0.944571,0.13106243520184707,0.0,0.028094965857831774,0.0012786142555332289
MTC_456,T Cells,SPP1,CD44,3.4802673,0.0,6.0548058,0.93726057,2.6649728,0.03921197,0.9508631,0.08349996510664219,0.0,0.014529270779358382,0.0012862869384625776
NEUT,NEUT,HLA-A,APLP2,2.2276983,0.0,4.624851,0.6465639,0.72621703,0.034777988,0.9441733,0.1287938181934625,0.0,0.03151632864973109,0.0013050696913387073
MONO,MONO,VCAN,CD44,2.2234178,0.0,4.7310066,2.6954622,3.5428896,0.15126504,0.94476837,0.13244333063181377,0.0,0.00028996590112189807,0.0013318832459783192
MTC_Prolif,MTC_Prolif,C3,CD81,2.2214215,0.0,4.8649077,0.4221869,0.3772117,0.08138302,0.945492,0.13125045614846997,0.0,0.014529270779358382,0.0013590572088727124
MTC_Prolif,NEUT,HMGB1,CXCR4,2.219244,0.0,4.280048,0.8995007,1.1653546,0.032595355,0.9420958,0.10900374666085424,0.0,0.04838032217783993,0.0013958537470140767
MTC_456,B Cells,SPP1,CD44,3.4188752,0.0,5.3252897,0.8474821,2.4405031,0.0344875,0.9477756,0.08227118850866559,0.0,0.033210852737405795,0.0014025386416913965
MTC_Prolif,T Cells,LGALS1,CD69,2.21363,0.0,4.8930683,1.1275209,1.8624922,0.057713415,0.94564056,0.12047968771310236,0.0,0.014529270779358382,0.0014144955051698515
NEUT,MONO,VCAN,CD44,2.211546,0.0,4.6891627,2.68049,3.120103,0.14992717,0.9445361,0.13088321199234806,0.0,0.00031456977386280956,0.0014522693801842512
MTC_123,T Cells,HMGB1,CXCR4,2.2086887,0.0,4.852763,0.9055743,1.6299437,0.036956962,0.9454276,0.12820596715517035,0.0,0.02095137039561839,0.0014618154995224167
MONO,T Cells,B2M,CD3D,3.033202,0.0,6.069183,1.8914497,1.8732842,0.14364907,0.95091856,0.08049439826764751,0.0,0.0016172419939160308,0.001499360136260408
B Cells,NEUT,HLA-A,APLP2,2.2044723,0.0,4.5483675,0.62717605,0.8456031,0.034202848,0.94373214,0.13100091722140841,0.0,0.035215433679573256,0.0015101662169115513
MONO,MONO,LGALS1,ITGB1,2.204227,0.0,3.6500747,0.85640347,1.3793299,0.04633481,0.9375971,0.09804170603293413,0.0,0.014529270779358382,0.0015199609743683175
B Cells,T Cells,B2M,CD3D,3.0191967,0.0,6.0337863,1.875208,1.8716682,0.14281128,0.9507818,0.08106314503154013,0.0,0.0017386522639858768,0.0015395905135468819
MTC_Prolif,B Cells,LGALS1,CD69,2.193595,0.0,4.807742,1.1081705,1.7716641,0.056706995,0.9451867,0.12298494937887343,0.0,0.014529270779358382,0.001661507943622201
MONO,MONO,HLA-A,APLP2,2.1904554,0.0,4.5572877,0.6195152,0.83345234,0.034269925,0.9437841,0.12589124865734505,0.0,0.03455244019053779,0.0016929257968037743
MONO,NEUT,MIF,CD44_CD74,2.176939,0.0,4.6290493,1.594096,1.8099267,0.06631762,0.9441972,0.13072030978375926,0.0,0.014529270779358382,0.0018671031629402287
MTC_Prolif,T Cells,B2M,CD3D,2.8942392,0.0,5.717968,1.7302618,1.6695834,0.13533631,0.9495086,0.07595411040258895,0.0,0.0024549254850862474,0.002019775499508872
MONO,NEUT,HLA-A,APLP2,2.1638396,0.0,4.4145637,0.593262,0.7247939,0.033196665,0.9429341,0.12583180643191966,0.0,0.04231173712667173,0.0020407331061577908
MTC_Prolif,MTC_456,HMGB1,HAVCR2,2.1584053,0.0,3.9122956,0.6148124,1.013188,0.04948749,0.93959606,0.10127468837401084,0.0,0.014529270779358382,0.0020887610049123376
MONO,MTC_Prolif,LGALS1,ITGB1,2.1529806,0.0,3.3114834,0.80250716,1.1206367,0.042036667,0.9346877,0.08838248697404515,0.0,0.014529270779358382,0.0021995269729761548
MTC_Prolif,T Cells,HLA-B,KLRD1,2.151806,0.0,4.285487,1.7623645,1.9587306,0.13011818,0.94213045,0.11157362136682429,0.0,0.0032464183054640413,0.0022120672705203833
MONO,MONO,MIF,CD44_CD74,2.135489,0.0,4.421083,1.5334656,1.9728783,0.06333821,0.9429738,0.1224701590928424,0.0,0.014529270779358382,0.002379388581788163
MTC_123,MTC_123,C3,CD81,2.1346102,0.0,4.4278617,0.35038477,0.84033823,0.07407186,0.943015,0.12252705464437745,0.0,0.014529270779358382,0.0024058452623779603
NEUT,MONO,LGALS1,ITGB1,2.131093,0.0,3.4884646,0.8075274,1.0921402,0.0442833,0.93625903,0.0904819629872574,0.0,0.014529270779358382,0.0024458914431428223
MTC_456,T Cells,B2M,CD3D,2.7901042,0.0,5.454777,1.6094711,1.560419,0.12910694,0.948367,0.07355391744848519,0.0,0.0038916846434769036,0.0024716897375890406
MONO,NEUT,HLA-B,LILRB2,2.1269755,0.0,3.5494285,1.1234161,1.1825144,0.06889559,0.9367741,0.09405582565481503,0.0,0.014529270779358382,0.0024999639528334805
T Cells,T Cells,B2M,CD3G,3.164309,0.0,4.5730143,2.0643146,2.0397983,0.16650355,0.94387543,0.07302159402094191,0.0,0.00032856517390391813,0.002510462537056325
B Cells,NEUT,HLA-B,LILRB2,2.1263695,0.0,3.5480468,1.1228976,1.2339299,0.06886878,0.9367625,0.09563921218644911,0.0,0.014529270779358382,0.0025136036256615483
MTC_Prolif,MTC_Prolif,HMGB1,HAVCR2,2.1182218,0.0,3.6693974,0.5773483,0.71057546,0.046415016,0.9377514,0.09291424127685358,0.0,0.014529270779358382,0.00256865094865623
MTC_Prolif,NEUT,HMGB1,CD163,2.1160932,0.0,3.6565309,0.823593,1.2109004,0.04855228,0.9376488,0.08675970231240243,0.0,0.014529270779358382,0.002666877554694557
MONO,NEUT,LGALS1,ITGB1,2.1131103,0.0,3.048055,0.76056975,1.1362407,0.03869265,0.9321115,0.08088698802878898,0.0,0.01454784403980166,0.00270971821295537
MTC_456,T Cells,LGALS1,CD69,2.1120646,0.0,4.4263096,1.0596455,2.0593066,0.052208025,0.9430055,0.10437441912268453,0.0,0.014529270779358382,0.0027530081673318822
MTC_123,T Cells,B2M,CD3D,2.6194,0.0,5.023339,1.4114623,1.2253834,0.118895404,0.94631195,0.06924292637399496,0.0,0.014529270779358382,0.0028562639778568727
MTC_456,B Cells,LGALS1,CD69,2.0920296,0.0,4.3491225,1.0402952,1.9684786,0.05129761,0.94253093,0.10658537127656174,0.0,0.014529270779358382,0.0030844043715495544
T Cells,T Cells,HLA-B,CD3D,2.5077796,0.0,4.7412286,2.1216292,2.382175,0.1768979,0.94482464,0.06582855184608394,0.0,0.0001746088151489835,0.003208985932908987
MTC_456,MONO,CD14,ITGB1,2.083407,0.0,3.383089,0.42016268,1.1503885,0.04263462,0.93533766,0.09382818834092684,0.0,0.014529270779358382,0.0032271728921073484
NEUT,T Cells,B2M,CD3G,2.8828397,0.0,4.10467,1.7378286,1.5672294,0.1494511,0.940944,0.0655906168809294,0.0,0.003685002320694003,0.003254984243298624
MTC_456,T Cells,SPP1,PTGER4,3.3271952,0.0,4.2358627,0.66795754,2.3569849,0.068638146,0.9418121,0.06554502551105432,0.0,0.014529270779358382,0.0032781446241633566
NEUT,MTC_Prolif,LGALS1,ITGB1,2.0798466,0.0,3.164865,0.7536311,0.8334468,0.04017546,0.93329173,0.08150024208009413,0.0,0.014529270779358382,0.0033411614206922315
B Cells,T Cells,B2M,CD3G,2.8033273,0.0,3.9723673,1.6455989,1.5090319,0.14463398,0.94002706,0.06463390033383909,0.0,0.005007401058691467,0.0034914667342984735
T Cells,T Cells,HLA-A,CD3D,2.4505713,0.0,4.5966406,2.219826,2.5671108,0.197798,0.9440118,0.06442344265073699,0.0,4.576002857400621e-05,0.003613814205483928
MONO,T Cells,B2M,CD3G,2.8173325,0.0,3.9956708,1.6618406,1.5106479,0.14548245,0.94019175,0.06417237309652689,0.0,0.004945693702773549,0.003688553370463466
T Cells,T Cells,HLA-C,CD3D,2.294156,0.0,4.2013164,2.0851548,2.4501605,0.18540931,0.9415873,0.06150144448486655,0.0,0.00010710916520960548,0.003997628680743666
MTC_Prolif,T Cells,B2M,CD3G,2.6783698,0.0,3.7644472,1.5006526,1.3069471,0.1370636,0.93849355,0.060492162269657264,0.0,0.012414448825746289,0.004077458245965585
T Cells,MONO,HMGB1,CD163,2.047043,0.0,4.148103,0.7882482,1.2175608,0.055079494,0.9412358,0.1151398000204542,0.0,0.014529270779358382,0.004213640004610175
NEUT,NEUT,LGALS1,ITGB1,2.0399764,0.0,2.9131,0.7116937,0.8490508,0.0369795,0.93066454,0.07454068429525483,0.0,0.020919892981842207,0.004368861469744188
NEUT,T Cells,HLA-B,CD3D,2.326338,0.0,4.282653,1.9661016,1.9992672,0.15978818,0.9421124,0.05912647634901805,0.0,0.00045639814607496685,0.00437908308387545
MTC_Prolif,MTC_Prolif,CD99,CD81,2.0367265,0.0,3.946741,0.57870626,0.55189157,0.06213141,0.9398444,0.11060620135702895,0.0,0.014529270779358382,0.004428020103896701
MTC_456,T Cells,B2M,CD3G,2.5742347,0.0,3.5911741,1.379862,1.1977826,0.13075472,0.9371194,0.058549616452464745,0.0,0.014529270779358382,0.004549589040471393
MTC_456,MTC_Prolif,CD14,ITGB1,2.0321608,0.0,3.0692644,0.36626637,0.8916951,0.038679715,0.93233055,0.08454517996339576,0.0,0.014594954894253246,0.00469043087133579
B Cells,MONO,HMGB1,CD163,2.0286453,0.0,4.080347,0.7723005,1.1593497,0.05417981,0.9407787,0.11180521036461254,0.0,0.014529270779358382,0.004794003359229705
B Cells,T Cells,HLA-B,CD3D,2.188341,0.0,3.9338787,1.8478128,1.9370896,0.14677522,0.939752,0.056699259588753576,0.0,0.001286659979825995,0.004873351130509093
NEUT,NEUT,S100A9,CD36,2.646362,0.0,4.141726,2.6137888,3.0185537,0.22057104,0.9411932,0.05601155400944087,0.0,1.3209477083603924e-05,0.005025359800813918
MTC_Prolif,MTC_123,HMGB1,HAVCR2,2.0180082,0.0,3.0636346,0.48390812,0.66175926,0.038752586,0.9322726,0.07947514875022396,0.0,0.014529270779358382,0.0050919349385935165
MONO,T Cells,HLA-B,CD3D,2.188947,0.0,3.9354103,1.8483313,1.8856741,0.14683236,0.939763,0.05572083509825499,0.0,0.0012739467411957458,0.005180435492703015
MTC_123,T Cells,B2M,CD3G,2.4035308,0.0,3.3071353,1.1818532,0.8627471,0.12041286,0.93464756,0.055065757113378466,0.0,0.014529270779358382,0.005306723182725951
MTC_Prolif,B Cells,TGFB1,CXCR4,2.001007,0.0,3.0026155,1.2407479,2.006395,0.06914774,0.9316347,0.07473070343948389,0.0,0.014529270779358382,0.0054243042328446164
MTC_123,MTC_456,C3,CD81,1.9969168,0.0,3.7412248,0.24847788,0.6727617,0.0625854,0.9383148,0.10040591765540854,0.0,0.014529270779358382,0.005561119622691651
MTC_456,NEUT,CD14,ITGB1,1.9922903,0.0,2.8251045,0.32432896,0.9072991,0.035602745,0.92966837,0.07734750169718009,0.0,0.026766657295462938,0.005630364407384373
MTC_456,T Cells,SPP1,ITGA4_ITGB1,3.2595882,0.0,3.4324963,1.149961,2.554003,0.07368149,0.9357747,0.05381115152637376,0.0,0.014529270779358382,0.005831969186671723
MTC_456,T Cells,HLA-B,KLRD1,1.987924,0.0,3.7726593,1.6218897,1.7274066,0.11454743,0.9385565,0.10338871128329381,0.0,0.006982089298385716,0.005841471950386708
NEUT,B Cells,AGTRAP,RACK1,1.9874148,0.0,2.5547183,0.9961289,1.3808844,0.05428195,0.9263075,0.06505019603312535,0.0,0.014529270779358382,0.005889075795178702
NEUT,NEUT,HLA-C,LILRB2,1.9860544,0.0,3.228196,1.1572131,1.2147975,0.0741152,0.93390584,0.08789169597411345,0.0,0.014529270779358382,0.005936932257339024
MTC_456,NEUT,SPP1,ITGA4_ITGB1,3.2615683,0.0,3.4560266,1.1560359,2.345189,0.07418659,0.9359797,0.05345812018783173,0.0,0.014529270779358382,0.0059683758488314415
T Cells,NEUT,B2M,LILRB1,3.1123743,0.0,4.00208,0.8493812,0.98285353,0.038534794,0.9402368,0.05327504486313608,0.0,0.014928159304641498,0.0060027998505317445
NEUT,NEUT,HLA-A,LILRB2,1.9743268,0.0,3.2014627,1.1491312,1.1615462,0.07166895,0.93364877,0.08668909847669262,0.0,0.014529270779358382,0.006204685573734965
T Cells,T Cells,HLA-B,CD3G,2.2919102,0.0,3.1214068,1.8920202,2.0195389,0.17915563,0.93286,0.05231116987503247,0.0,0.0003890240938768585,0.006212068530693556
B Cells,T Cells,HLA-A,CD3D,2.0130723,0.0,3.4909036,1.8546586,1.984092,0.15021704,0.9362799,0.05214374503289685,0.0,0.0008209969904007027,0.006282868030487934
NEUT,T Cells,HLA-C,CD3D,2.0480258,0.0,3.5792456,1.8821282,1.9179572,0.15795656,0.9370214,0.05192506466364013,0.0,0.0007121828415046365,0.006354192108759642
MTC_Prolif,T Cells,SPP1,PTGER4,2.672186,0.0,3.3019068,0.3497251,0.5248239,0.053504277,0.9345992,0.051771651783689844,0.0,0.014529270779358382,0.0063900514155974565
NEUT,NEUT,S100A8,CD36,2.4136753,0.0,3.6974046,2.5476537,2.974514,0.22130983,0.9379729,0.0512386316568709,0.0,1.2013025651177464e-05,0.0065348088950881525
NEUT,T Cells,HLA-A,CD3D,2.0362983,0.0,3.5496051,1.8740464,1.8647059,0.15274304,0.9367755,0.05118697096903445,0.0,0.0009196002687421646,0.006571329426942541
T Cells,T Cells,HLA-A,CD3G,2.234702,0.0,3.0262167,1.990217,2.2044744,0.20032248,0.93188363,0.051178781860090033,0.0,0.00011470461803898387,0.0066079828627402725
MTC_Prolif,MONO,CD14,ITGB1,1.9574025,0.0,3.104647,0.34126288,0.31108803,0.039125618,0.9326912,0.08208481540398005,0.0,0.015316387183050596,0.0067897319068585295
T Cells,MONO,B2M,LILRB2,3.072482,0.0,3.5635314,1.1225117,1.3502576,0.043878768,0.93689144,0.049967164762696456,0.0,0.014529270779358382,0.0068682966346753
B Cells,NEUT,HLA-A,LILRB2,1.9511008,0.0,3.1485186,1.1297433,1.2809323,0.07048372,0.9331304,0.08824774922962142,0.0,0.014529270779358382,0.006921495936879048
MTC_123,MONO,HMGB1,CD163,1.9451418,0.0,3.7728176,0.6999209,1.1175077,0.050096363,0.9385576,0.10490607583372269,0.0,0.014529270779358382,0.006948047214676687
MONO,NEUT,S100A9,CD36,2.3084848,0.0,3.4965405,2.369116,3.1445088,0.18621115,0.936328,0.04993836917544838,0.0,0.00010223530707895046,0.006981875136541958
MONO,T Cells,HLA-A,CD3D,1.9724393,0.0,3.3882082,1.8207446,1.8632828,0.14579795,0.9353834,0.04990752465145408,0.0,0.0013779895350746712,0.007020004966653513
MTC_123,MTC_123,C3,C3AR1,1.9427135,0.0,3.4709287,0.31075495,0.7960658,0.07419666,0.93610847,0.0970169100340133,0.0,0.014529270779358382,0.007028099343103317
MTC_Prolif,T Cells,HLA-B,CD3D,2.0013447,0.0,3.4612637,1.6875219,1.6460923,0.12914169,0.9360251,0.04960670085524487,0.0,0.0033885990208729756,0.0070966714293894265
NEUT,MONO,S100A9,CD36,2.5582213,0.0,3.377024,2.3545527,2.9583516,0.1798462,0.93528336,0.04937423126673556,0.0,0.00013668282893559118,0.007212691396344359
MTC_Prolif,NEUT,HLA-B,LILRB2,1.9393733,0.0,3.1217856,0.9626068,0.9429326,0.060594905,0.93286383,0.0841099499182906,0.0,0.014529270779358382,0.007217220650644073
T Cells,T Cells,HLA-C,CD3G,2.078287,0.0,2.7659533,1.8555458,2.0875242,0.18777567,0.92897344,0.04882615937164778,0.0,0.0002478931161810512,0.007369298328490501
MONO,T Cells,VIM,CD44,2.124654,0.0,3.2918556,1.7733417,2.7771552,0.052465305,0.934506,0.04865020016166211,0.0,0.01300464812820265,0.00740879323120013
MTC_123,T Cells,HLA-B,KLRD1,1.934488,0.0,3.6054451,1.5760822,1.6934088,0.10947038,0.93723625,0.10236222286080128,0.0,0.009447876295687524,0.007409628946957757
NEUT,T Cells,VIM,CD44,2.1821473,0.0,3.4090357,1.8237791,2.42998,0.054332912,0.93556833,0.04855049284266796,0.0,0.010049773403711436,0.007528105015718452
MTC_123,MTC_Prolif,C3,C3AR1,1.9279852,0.0,3.3974822,0.2976043,0.58606684,0.07262662,0.93546593,0.08952560578179436,0.0,0.014529270779358382,0.007605349838002226
MONO,B Cells,VIM,CD44,2.063262,0.0,2.8952348,1.6835631,2.5526857,0.046143997,0.9304658,0.04790746144246286,0.0,0.014529270779358382,0.007689125321025628
T Cells,T Cells,HLA-E,KLRK1,1.9915047,0.0,3.1755924,1.7319636,1.8057891,0.12087632,0.933397,0.04790113112859383,0.0,0.005227308381840557,0.0077704699040839825
NEUT,B Cells,VIM,CD44,2.1207552,0.0,2.9982965,1.7340007,2.2055106,0.047786586,0.9315889,0.047809199849206466,0.0,0.014529270779358382,0.00785237307609833
NEUT,NEUT,B2M,LILRB1,2.830905,0.0,3.5922077,0.5228952,0.51028454,0.034588262,0.93712795,0.047750045785633466,0.0,0.032578283602945575,0.00793483656113709
B Cells,T Cells,HLA-C,CD3D,1.9167528,0.0,3.2474656,1.7738472,1.8828652,0.14331469,0.9340893,0.049432744612201276,0.0,0.001647055877931513,0.008065287865601057
T Cells,MTC_Prolif,CD99,CD81,1.9135895,0.0,3.3345957,0.46276838,0.63327444,0.05249473,0.9348997,0.09260745363407878,0.0,0.014529270779358382,0.008153492469271087
MTC_123,MTC_456,C3,C3AR1,1.9127727,0.0,3.3216217,0.2840123,0.68859816,0.07100498,0.93478096,0.09309217937505891,0.0,0.014529270779358382,0.008183032970265226
B Cells,NEUT,B2M,LILRB1,2.7513926,0.0,3.4764228,0.43066555,0.45208704,0.033473406,0.9361558,0.04704045461806537,0.0,0.04009384766192708,0.008227896069166152
MONO,NEUT,HLA-A,LILRB2,1.9104679,0.0,3.0558953,1.0958294,1.1601231,0.06841023,0.93219274,0.08460138209754631,0.0,0.014529270779358382,0.008272072405320421
MONO,T Cells,LGALS1,ITGB1,2.1196327,0.0,3.0911503,0.76743424,1.4055765,0.03923971,0.93255436,0.04700956539120116,0.0,0.014529270779358382,0.008312902245690965
MTC_456,NEUT,MIF,CD44_CD74,1.905242,0.0,3.6263485,1.3852155,1.7172077,0.051952522,0.93740606,0.10432741648141194,0.0,0.014529270779358382,0.008391769577898483
NEUT,T Cells,HLA-B,CD3G,2.1104689,0.0,2.8195016,1.7364924,1.6366309,0.16182755,0.92960346,0.04691619671074607,0.0,0.0029081242200620742,0.008398478182636143
MONO,NEUT,B2M,LILRB1,2.7653978,0.0,3.4968169,0.44690722,0.45370305,0.033669773,0.9363304,0.04669828377865024,0.0,0.03863339183531048,0.008484625591349973
MTC_123,MTC_123,HSPA1A,TLR4,2.5193865,0.0,3.1861877,0.3656687,1.0544554,0.053587735,0.93350047,0.04608292494357235,0.0,0.014529270779358382,0.008790666523705588
MONO,MONO,VCAN,ITGB1,1.8946855,0.0,2.9660563,1.7477586,2.5204055,0.09190679,0.93124354,0.08433529387892554,0.0,0.014289295043354668,0.008819575863870301
MTC_Prolif,NEUT,MIF,CD44_CD74,1.8918114,0.0,3.5767827,1.3749014,1.2976433,0.051242422,0.93700105,0.10155599958301884,0.0,0.014529270779358382,0.008881824736585182
NEUT,MTC_123,S100A9,TLR4,2.5396967,0.0,3.216305,1.4332036,2.4915977,0.11070605,0.9337919,0.04569262601123662,0.0,0.008719331047321451,0.009013606539703472
MTC_Prolif,T Cells,HLA-C,CD3D,1.8828139,0.0,3.1616883,1.7458522,1.7293804,0.13952924,0.9332605,0.04610378206716395,0.0,0.002067914053191324,0.009054481347676566
NEUT,MONO,VCAN,ITGB1,1.8828139,0.0,2.9398227,1.7327864,2.0976186,0.09109391,0.9309586,0.08328746122757973,0.0,0.014529270779358382,0.009054481347676566
MONO,NEUT,S100A8,CD36,2.1552098,0.0,3.2038574,2.3496342,3.177762,0.19176835,0.9336719,0.04531580794566011,0.0,6.842517532298943e-05,0.00919458256073432
NEUT,MONO,S100A8,CD36,2.3255346,0.0,3.0147393,2.2884176,2.914312,0.18044859,0.93176293,0.045139850876155366,0.0,0.00013094817604878995,0.00928594990314289
NEUT,T Cells,AGTRAP,RACK1,1.8765869,0.0,2.3760035,0.90281785,1.177346,0.050484665,0.9237936,0.059067469488515385,0.0,0.014529270779358382,0.009293419735337602
B Cells,T Cells,HLA-B,CD3G,1.9724716,0.0,2.5898848,1.6182036,1.5744532,0.1486485,0.9267727,0.0449662717569406,0.0,0.0036344744357590933,0.009331854147794763
MTC_456,T Cells,CD14,ITGB1,1.9988128,0.0,2.8650475,0.3311935,1.1766349,0.036106117,0.930126,0.044880114953008296,0.0,0.02454540641755019,0.009424104840438135
NEUT,MONO,B2M,LILRB2,2.7910128,0.0,3.198573,0.79602575,0.8776886,0.03938493,0.9336208,0.04476899398400188,0.0,0.014529270779358382,0.009470451710640492
MONO,T Cells,HLA-B,CD3G,1.9730777,0.0,2.590893,1.6187222,1.5230378,0.14870638,0.92678595,0.04418083334676179,0.0,0.004703806326994325,0.00970440973366824
MTC_Prolif,MTC_123,C3,CD81,1.8665391,0.0,3.4757464,0.15950862,0.2049396,0.058144312,0.93614995,0.096911782924473,0.0,0.042923168273240914,0.009750334164112973
B Cells,MONO,B2M,LILRB2,2.7115004,0.0,3.0954762,0.703796,0.8194911,0.03811547,0.93259835,0.0441016511659029,0.0,0.016503741798027948,0.009799034586276699
MTC_456,MONO,MIF,CD44_CD74,1.8637917,0.0,3.46343,1.3245851,1.8801593,0.04961849,0.9360438,0.09755606115240008,0.0,0.014529270779358382,0.009850105684957986
MONO,MONO,S100A9,CD36,2.220344,0.0,2.8509614,2.10988,3.0843067,0.15183032,0.9299657,0.043987179349101235,0.0,0.0007035703246291654,0.00994209316638929
T Cells,T Cells,LGALS1,CD69,1.8566304,0.0,3.2524223,0.88894534,1.4384075,0.0383621,0.9341362,0.08073719087150419,0.0,0.01566267392340904,0.010051634465176738
B Cells,NEUT,HLA-C,LILRB2,1.8547814,0.0,2.9289567,1.0489321,1.1797055,0.06724505,0.9308395,0.08382567252967808,0.0,0.014529270779358382,0.010119401207461408
MONO,MONO,B2M,LILRB2,2.7255056,0.0,3.1136355,0.72003776,0.8211071,0.03833907,0.93278193,0.04377987502444486,0.0,0.015762754581089063,0.010134939845367058
MTC_Prolif,MONO,MIF,CD44_CD74,1.8503611,0.0,3.416091,1.314271,1.4605949,0.04894029,0.9356306,0.09494545470653266,0.0,0.014529270779358382,0.010428025342070033
MTC_456,MTC_Prolif,CD99,CD81,1.8460703,0.0,2.9989407,0.399201,0.4484203,0.0472107,0.93159574,0.08024780514036986,0.0,0.014529270779358382,0.010602094229826404
NEUT,T Cells,LGALS1,ITGB1,2.0464988,0.0,2.954287,0.7185582,1.1183866,0.037502337,0.93111616,0.04319632725298574,0.0,0.018635874068290953,0.01067775796986051
MONO,MTC_Prolif,VCAN,ITGB1,1.8434392,0.0,2.6909165,1.6938623,2.261712,0.083381265,0.9280607,0.07591279786568532,0.0,0.014529270779358382,0.010778039486702291
NEUT,MTC_456,ANXA1,FPR1,1.8422234,0.0,3.366371,1.3220787,1.8405203,0.08569463,0.9351877,0.09071974543317304,0.0,0.014529270779358382,0.01084894497456607
NEUT,NEUT,MIF,CD44_CD74,1.8409841,0.0,3.389204,1.3358263,1.313484,0.0485551,0.93539226,0.09565829617062765,0.0,0.014529270779358382,0.010920152682010846
MTC_456,T Cells,HLA-B,CD3D,1.8374627,0.0,3.0470674,1.5470471,1.4147683,0.11368779,0.93210125,0.04573360580166071,0.0,0.007655298097097005,0.01099166317949415
MTC_Prolif,T Cells,SPP1,ITGA4_ITGB1,2.604579,0.0,2.6756728,0.83172864,0.72184205,0.05743562,0.92787087,0.04239163075072305,0.0,0.014529270779358382,0.011032821591729507
T Cells,B Cells,LGALS1,CD69,1.8365954,0.0,3.195706,0.86959493,1.3475795,0.037693135,0.933593,0.08249355666803175,0.0,0.01787429374138004,0.011099497903756457
MTC_Prolif,NEUT,GNAI2,C5AR1,1.8360083,0.0,3.3707592,0.9504037,1.1490012,0.07509521,0.93522716,0.10086720152177664,0.0,0.014529270779358382,0.01113559482404815
MTC_Prolif,NEUT,SPP1,ITGA4_ITGB1,2.606559,0.0,2.694015,0.8378034,0.513028,0.057829354,0.92809916,0.04211018362405185,0.0,0.014529270779358382,0.011135657072172761
MTC_Prolif,MTC_456,HMGB1,CD163,1.9688654,0.0,2.7665796,0.68453676,1.3813591,0.036735296,0.92898095,0.042061556864452156,0.0,0.021978835032738616,0.011187307302657724
MONO,T Cells,VCAN,CD44,1.8517795,0.0,2.7356946,2.151945,3.1226568,0.0874687,0.9286097,0.04201948290209615,0.0,0.0029530020327651054,0.011239112802213883
NEUT,MTC_123,S100A8,TLR4,2.30701,0.0,2.871262,1.3670683,2.447558,0.11107686,0.93019634,0.0417601134653154,0.0,0.008675043610204417,0.011447891619692568
NEUT,MTC_Prolif,VCAN,ITGB1,1.8315676,0.0,2.6671166,1.6788901,1.8389254,0.08264379,0.9277636,0.07496104451712382,0.0,0.014529270779358382,0.011537700798684346
MTC_Prolif,MONO,C1QA,CD93,2.2188585,0.0,3.1065435,0.82112324,1.0779326,0.10268712,0.9327104,0.041537452029242354,0.0,0.014529270779358382,0.011606116165271827
NEUT,T Cells,VCAN,CD44,1.8399079,0.0,2.7114987,2.136973,2.6998699,0.086695075,0.9283147,0.041473594109448286,0.0,0.0031071417063987783,0.011659171241801726
MONO,NEUT,PKM,CD44,1.828511,0.0,3.343172,1.5216877,1.6343281,0.0695158,0.93497777,0.09782242390464654,0.0,0.014529270779358382,0.011723546769871876
MONO,T Cells,HLA-C,CD3D,1.825294,0.0,3.0163126,1.6984062,1.6839225,0.13311362,0.9317795,0.045410610148507266,0.0,0.0027795367243766324,0.01179842547308394
MTC_Prolif,MONO,B2M,LILRB2,2.5865428,0.0,2.9334538,0.5588498,0.6174063,0.036120445,0.9308889,0.041217641298584594,0.0,0.024473991259648924,0.011872964834866393
NEUT,T Cells,HLA-C,CD3G,1.8321564,0.0,2.3564105,1.6525191,1.5553209,0.15997253,0.9235017,0.04113693495992835,0.0,0.004024612127351324,0.011980808476421996
MTC_Prolif,NEUT,HLA-C,LILRB2,1.8208425,0.0,2.8515925,1.020937,1.0262207,0.06546887,0.9299729,0.0783715362728161,0.0,0.014529270779358382,0.012024921431994318
MONO,MTC_123,S100A9,TLR4,2.2018194,0.0,2.7152789,1.1885308,2.6175528,0.093460605,0.928361,0.04069006773108388,0.0,0.014529270779358382,0.01219839764428635
MTC_Prolif,MONO,HMGB1,THBD,1.9702756,0.0,2.7751043,1.2242637,1.7227888,0.091575906,0.92908233,0.04055616342698321,0.0,0.014529270779358382,0.012308146442606915
NEUT,T Cells,HLA-A,CD3G,1.8204288,0.0,2.3368967,1.6444373,1.5020696,0.15469249,0.9232074,0.0405456319851941,0.0,0.005163851069733158,0.01236326011015369
MONO,T Cells,VCAN,ITGB1,1.8100914,0.0,2.5118735,1.6587895,2.5466518,0.07783339,0.92572814,0.04012019485942438,0.0,0.014529270779358382,0.012642648643549333
MONO,MONO,S100A8,CD36,2.067069,0.0,2.6123176,2.090398,3.11756,0.15636146,0.92706484,0.0398923611530679,0.0,0.0005239486542268012,0.012753541147292154
MTC_456,MONO,B2M,LILRB2,2.4824078,0.0,2.7984304,0.4380591,0.50824183,0.034457866,0.9293576,0.039867780749821634,0.0,0.03353080078491774,0.012809938789032558
MONO,NEUT,VCAN,ITGB1,1.8035688,0.0,2.4768543,1.651925,2.277316,0.07674828,0.92524403,0.06939432125493436,0.0,0.014529270779358382,0.012879491310355528
NEUT,MONO,MIF,CD44_CD74,1.7995338,0.0,3.2369394,1.2751958,1.4764355,0.0463737,0.9339893,0.08939345118744117,0.0,0.014529270779358382,0.013199728519369272
NEUT,T Cells,VCAN,ITGB1,1.7982198,0.0,2.489657,1.6438173,2.1238651,0.07714499,0.92542213,0.03959796042983097,0.0,0.014529270779358382,0.013280585641382963
MTC_Prolif,MONO,C1QB,LRP1,2.457496,0.0,2.6264212,0.47029316,0.6219161,0.0620889,0.9272467,0.03919816093985298,0.0,0.014529270779358382,0.013324805395394114
B Cells,T Cells,HLA-A,CD3G,1.7972028,0.0,2.2982504,1.6250495,1.6214557,0.15213424,0.9226142,0.041312161312269176,0.0,0.0031309515960917743,0.013361763003681117
B Cells,T Cells,HLA-E,KLRK1,1.7946221,0.0,2.7415037,1.5558543,1.4993538,0.10435309,0.92868,0.04169294155885615,0.0,0.012192968939964473,0.013525080670118397
MTC_Prolif,T Cells,CD14,ITGB1,1.8728083,0.0,2.6292422,0.2522937,0.3373345,0.033134434,0.92728287,0.038999339258057215,0.0,0.04281147650901504,0.013616546103347005
NEUT,NEUT,VCAN,ITGB1,1.7916973,0.0,2.4549475,1.6369528,1.8545294,0.076069474,0.92493623,0.06851823335225188,0.0,0.014529270779358382,0.013689685955939754
MONO,B Cells,VCAN,CD44,1.7903874,0.0,2.4060833,2.0621665,2.8981872,0.076929994,0.9242353,0.041373572360524996,0.0,0.004293825167209363,0.013772472840699327
NEUT,NEUT,AGTRAP,RACK1,1.7886035,0.0,2.2341266,0.8287415,0.8826307,0.0474701,0.92159796,0.05481852951589922,0.0,0.014529270779358382,0.013897260025646587
MONO,MONO,PKM,CD44,1.7870607,0.0,3.1929758,1.4610573,1.7972797,0.06639271,0.9335665,0.0914301754379945,0.0,0.014529270779358382,0.01398085685975816
MTC_Prolif,T Cells,HLA-B,CD3G,1.7854754,0.0,2.2787368,1.4579128,1.283456,0.13078992,0.9223093,0.03928028595385193,0.0,0.013857345193976718,0.01406477863972125
T Cells,NEUT,MIF,CD44_CD74,1.7850456,0.0,3.1827629,1.2928209,1.2898879,0.04559754,0.9334671,0.08710432975793762,0.0,0.014529270779358382,0.014106861556714227
T Cells,NEUT,VIM,CD44,1.7841697,0.0,3.1795304,1.7165247,1.8595595,0.050675068,0.9334355,0.09067572436473328,0.0,0.014529270779358382,0.014149025916891657
MTC_Prolif,NEUT,C1QA,CD93,2.1766236,0.0,2.8052619,0.7541429,0.9402991,0.09272823,0.9294376,0.03840746294661856,0.0,0.014529270779358382,0.014152043372128317
MTC_123,T Cells,HLA-B,CD3D,1.7840266,0.0,2.9120133,1.5012397,1.3807706,0.108648844,0.9306525,0.045250653071063934,0.0,0.009874381881097138,0.01423359924215354
MTC_123,NEUT,HSPA1A,TLR4,2.4356284,0.0,2.466314,0.26802048,0.5491988,0.041480348,0.9250964,0.03826999383465091,0.0,0.014529270779358382,0.014394350668177257
MONO,MONO,HMGB1,CD163,1.7795498,0.0,3.16297,0.5563943,0.7727557,0.041998662,0.9332731,0.07834509666756699,0.0,0.014529270779358382,0.014532181451615092
NEUT,B Cells,VCAN,CD44,1.7785158,0.0,2.3848026,2.0471942,2.4754004,0.07624958,0.9239237,0.04083571711005828,0.0,0.004478680809246568,0.01466137583776496
NEUT,NEUT,S100A9,TLR4,2.4559386,0.0,2.4896266,1.3355553,1.9863412,0.0856936,0.9254217,0.0379432343989151,0.0,0.014529270779358382,0.014762820959353152
MTC_456,NEUT,HLA-B,LILRB2,1.7754912,0.0,2.7482135,0.8221319,0.71160865,0.053343743,0.9287609,0.07776339692855319,0.0,0.014529270779358382,0.014791311246660804
T Cells,NEUT,HLA-B,LILRB1,2.2399755,0.0,2.7317035,0.6770869,0.9625939,0.041462936,0.9285613,0.03793595001843923,0.0,0.014529270779358382,0.014824819656486908
MONO,MTC_456,LGALS1,ITGB1,2.062233,0.0,2.7119026,0.7070569,1.1217949,0.034425464,0.92831963,0.03792390926184812,0.0,0.03371473232792238,0.014886986593322415
NEUT,MTC_123,HSPA1A,TLR4,2.174055,0.0,2.6741078,0.15686613,0.18662465,0.044975184,0.92785126,0.03789523182593178,0.0,0.045206419240199434,0.014949321968550743
T Cells,MTC_456,HMGB1,HAVCR2,1.7735599,0.0,2.915969,0.28124467,0.57003355,0.036884736,0.9306963,0.08340905530994133,0.0,0.021364036220212268,0.015009521996046092
T Cells,NEUT,HLA-A,LILRB1,2.1827674,0.0,2.6483977,0.7752836,1.1475296,0.046361692,0.92752725,0.03710256164128889,0.0,0.014529270779358382,0.01532688253745811
NEUT,MONO,HMGB1,CD163,1.7672797,0.0,3.1177814,0.5457596,0.6942778,0.041398637,0.93282366,0.08759504132904923,0.0,0.014529270779358382,0.015452168218028065
B Cells,MTC_123,HLA-DRA,CD4,2.241298,0.0,2.5139873,0.28497407,0.5411698,0.04372774,0.92575705,0.037069324049515434,0.0,0.014529270779358382,0.015454092555083654
MTC_Prolif,NEUT,C1QB,LRP1,2.4472537,0.0,2.5382385,0.45702913,0.546523,0.060004245,0.9260863,0.03703117273671464,0.0,0.014529270779358382,0.0155819834570206
MONO,T Cells,MIF,CD44_CD74,1.7638507,0.0,2.5564823,0.9899483,1.5526453,0.03662519,0.92633104,0.03855277335796286,0.0,0.022341188107081113,0.01558658848139083
MONO,MTC_123,S100A8,TLR4,2.0485444,0.0,2.4879925,1.1690488,2.650806,0.0962498,0.92539907,0.036890337728322425,0.0,0.014529270779358382,0.015646184733199335
MONO,NEUT,HLA-C,LILRB2,1.7633226,0.0,2.720475,0.9734911,0.98076284,0.062458586,0.92842454,0.07723249763729723,0.0,0.014529270779358382,0.015721762651211273
MTC_Prolif,NEUT,HMGB1,THBD,1.9146163,0.0,2.4386594,1.1214948,1.5425544,0.08047353,0.9247048,0.0364634065473756,0.0,0.014529270779358382,0.015969757251460284
MONO,T Cells,HLA-A,CD3G,1.75657,0.0,2.2306404,1.5911355,1.5006465,0.14765875,0.9215415,0.0395210925821404,0.0,0.0051955168394187,0.015994380031754976
B Cells,MTC_456,HMGB1,HAVCR2,1.7551621,0.0,2.8683388,0.265297,0.5118226,0.036282253,0.93016326,0.08090939937857689,0.0,0.023734118439791223,0.01608592678588912
MTC_123,T Cells,HLA-E,KLRK1,1.7499135,0.0,2.6429298,1.5158573,1.4779203,0.10060095,0.92745775,0.04115033749785286,0.0,0.013678803731833179,0.01636259749726097
MTC_Prolif,MTC_456,GNAI2,FPR1,1.7498547,0.0,3.0566316,0.5705898,1.0103569,0.058648575,0.9322004,0.08295210998598523,0.0,0.014529270779358382,0.016455499682590108
MTC_123,MTC_Prolif,CD99,CD81,1.7491044,0.0,2.516898,0.30789036,0.24230683,0.039622158,0.9257968,0.0665956400073455,0.0,0.027307380369066794,0.01659549101414496
MTC_Prolif,MONO,APOE,LRP1,2.2656457,0.0,2.392325,0.4000166,0.51877147,0.058303013,0.92403424,0.03617138133932222,0.0,0.014529270779358382,0.016629811607309405
MTC_Prolif,T Cells,HLA-A,CD3D,1.7477865,0.0,2.8204195,1.633236,1.5343167,0.12136544,0.9296141,0.041452667724357115,0.0,0.005069606182596165,0.01687777732529944
NEUT,B Cells,COPA,CD74,2.4915054,0.0,2.427706,0.2748648,0.3094657,0.034943704,0.9245479,0.036051112624172064,0.0,0.030270273402394684,0.016898687580821466
MTC_Prolif,MTC_123,HLA-DRA,CD4,2.2130225,0.0,2.476823,0.2634826,0.43712085,0.043081317,0.9252436,0.036015583961341344,0.0,0.014529270779358382,0.017034172010453475
T Cells,MONO,MIF,CD44_CD74,1.7435954,0.0,3.039773,1.2321905,1.4528395,0.043549012,0.9320254,0.08134930668184145,0.0,0.014529270779358382,0.017067680421903826
T Cells,MONO,VIM,CD44,1.7427194,0.0,3.0366857,1.6558943,2.022511,0.048398428,0.9319932,0.08470663242929,0.0,0.014529270779358382,0.017115370838133057
MTC_Prolif,NEUT,PKM,CD44,1.7410419,0.0,3.020367,1.4442346,1.4239687,0.06280359,0.9318222,0.08641182517137219,0.0,0.014529270779358382,0.01730699307836952
MTC_123,MONO,C1QA,CD93,1.8719051,0.0,2.502168,0.57273734,0.77497554,0.082709424,0.9255949,0.03588585401520714,0.0,0.014529270779358382,0.017307241544110043
MTC_456,MONO,APOE,LRP1,2.2049587,0.0,2.3182745,0.3630739,0.9377957,0.056498334,0.9229233,0.03583975990114952,0.0,0.014529270779358382,0.017375947701904006
B Cells,B Cells,LGALS1,CD69,1.7405658,0.0,2.762083,0.8054207,1.1644746,0.032578584,0.92892724,0.03655059145396266,0.0,0.04850348994037724,0.017403321479147856
B Cells,T Cells,LGALS1,CD69,1.7606008,0.0,2.8111038,0.82477105,1.2553027,0.03315678,0.92950577,0.03573429787326172,0.0,0.042644374931230036,0.017722120837789557
T Cells,MONO,HLA-B,LILRB2,2.2000833,0.0,2.4323633,0.95021737,1.329998,0.04721298,0.9246147,0.03554472538133015,0.0,0.014529270779358382,0.01800224177787623
T Cells,MTC_Prolif,HMGB1,HAVCR2,1.7333764,0.0,2.7349286,0.24378063,0.267421,0.034594715,0.92860043,0.07639808275202752,0.0,0.032533471665299935,0.01813683619042211
MTC_456,MONO,C1QB,LRP1,2.1797788,0.0,2.28755,0.28040195,0.5310417,0.05407794,0.92244744,0.03545800456159561,0.0,0.014529270779358382,0.018143367309168996
MTC_456,MONO,C1QA,CD93,1.8575358,0.0,2.4771376,0.56243646,0.80690336,0.08188204,0.92524797,0.035457522352821985,0.0,0.014529270779358382,0.01821419701510554
T Cells,NEUT,HLA-C,LILRB1,2.0263522,0.0,2.4206278,0.64061236,1.0305793,0.043457918,0.92444605,0.03537288164086974,0.0,0.014529270779358382,0.018285204938043767
T Cells,NEUT,HMGB1,CD163,1.7312479,0.0,2.7253387,0.49002534,0.767746,0.03618769,0.9284839,0.07125162156123986,0.0,0.024154677107719093,0.018435735016863557
NEUT,MONO,AGTRAP,RACK1,1.7282912,0.0,2.1368701,0.77796793,0.87538886,0.045403626,0.9199748,0.05418843151780163,0.0,0.014529270779358382,0.018737794130435345
NEUT,MTC_456,LGALS1,ITGB1,1.989099,0.0,2.591831,0.65818083,0.83460504,0.03290125,0.9267982,0.034820736607036225,0.0,0.04468441076195675,0.01900512838170091
T Cells,MONO,HLA-A,LILRB2,2.142875,0.0,2.358186,1.0484141,1.5149336,0.052791093,0.92352825,0.03476197005535226,0.0,0.014529270779358382,0.019078109366667234
MONO,MTC_Prolif,CD99,CD81,1.7221087,0.0,2.3826954,0.2824789,0.20444739,0.03750948,0.92389256,0.06210460827504916,0.0,0.03696710687806204,0.019145480252329716
MTC_123,NEUT,HLA-B,LILRB2,1.7220552,0.0,2.6264052,0.7763244,0.6776109,0.050979406,0.92724645,0.07696948725594582,0.0,0.014529270779358382,0.019196839514262643
NEUT,MTC_123,COPA,CD74,2.4452024,0.0,2.3770218,0.23393348,0.27098137,0.03421417,0.92380875,0.03466563338519672,0.0,0.03497749243209503,0.01922461308269202
T Cells,MTC_Prolif,CCL5,CCR1,1.7213869,0.0,1.9154903,1.7020676,2.4870954,0.18699953,0.9158553,0.041975949194531875,0.0,0.0003832474670837359,0.01924828755006276
NEUT,NEUT,S100A8,TLR4,2.2232518,0.0,2.2225413,1.26942,1.9423013,0.085980624,0.9214099,0.03465345064502129,0.0,0.014529270779358382,0.01929813619559933
MTC_Prolif,MTC_123,C1QB,LRP1,2.4264746,0.0,2.3593333,0.43010786,0.6714952,0.055774905,0.9235454,0.03446607990020506,0.0,0.014529270779358382,0.019594041462390487
MTC_456,MTC_123,CD14,TLR4,1.9016782,0.0,2.27021,0.38166603,1.3150994,0.061674286,0.9221748,0.03433555371275908,0.0,0.014529270779358382,0.01981787919887701
B Cells,MTC_Prolif,HMGB1,HAVCR2,1.7149786,0.0,2.6902556,0.22783296,0.20921004,0.034029637,0.92805254,0.07409155219231077,0.0,0.036180182933177985,0.019820093768968483
MTC_Prolif,NEUT,APOE,LRP1,2.2554035,0.0,2.312002,0.38675258,0.44337833,0.056345474,0.9228269,0.03416577213915604,0.0,0.014529270779358382,0.019968016153460246
B Cells,NEUT,HMGB1,CD163,1.7128501,0.0,2.6808224,0.47407767,0.709535,0.03559659,0.9279352,0.06908884480378506,0.0,0.026804993951014343,0.02008358283486761
NEUT,NEUT,HLA-B,LILRB1,2.0585341,0.0,2.467491,0.5215591,0.57968605,0.037452605,0.92511296,0.03397038411009223,0.0,0.018837496793908413,0.02011888431641518
MTC_Prolif,MONO,HMGB1,TLR2,1.9174813,0.0,2.4559774,0.7513546,1.1128948,0.055012662,0.9249508,0.03393763286222982,0.0,0.014529270779358382,0.02019459307475029
T Cells,MTC_456,ANXA1,FPR1,1.7094098,0.0,2.9210083,1.1504127,1.993197,0.07435745,0.930752,0.07533893226014805,0.0,0.014529270779358382,0.020295991636872793
MTC_456,NEUT,APOE,LRP1,2.1947165,0.0,2.2404377,0.34980986,0.86240256,0.054601386,0.9216998,0.03385189243564257,0.0,0.014529270779358382,0.0203465608915021
MTC_456,MONO,HMGB1,CD163,1.7073333,0.0,2.8970084,0.49379215,0.59986526,0.03846716,0.9304856,0.07147185138095147,0.0,0.015097028165975555,0.02045624454308074
MONO,NEUT,S100A9,TLR4,2.1180613,0.0,2.1018002,1.0908825,2.1122963,0.07234451,0.91936356,0.03375908802916257,0.0,0.014529270779358382,0.02049926370209083
MONO,MTC_456,ANXA1,FPR1,1.7057211,0.0,2.9086392,1.1456386,1.8243196,0.07404257,0.9306151,0.07103807839379869,0.0,0.014529270779358382,0.02061731051735255
MTC_456,NEUT,C1QB,LRP1,2.1695366,0.0,2.2107449,0.26713789,0.45564854,0.052262258,0.921217,0.03349057582081033,0.0,0.014529270779358382,0.02088424623615518
B Cells,MTC_Prolif,HLA-DRA,CD4,2.2362273,0.0,2.4751928,0.27873272,0.2819537,0.04305296,0.92522085,0.03333530978801665,0.0,0.01957187179446016,0.021039533409576983
T Cells,B Cells,TGFB1,CXCR4,1.858648,0.0,2.1479726,1.0881867,2.0328646,0.04946602,0.92016536,0.03331977286396069,0.0,0.014529270779358382,0.02111745506868949
B Cells,NEUT,MIF,CD44_CD74,1.7011733,0.0,2.8732314,1.2283434,1.1407641,0.041163065,0.93021864,0.08129073278262004,0.0,0.014529270779358382,0.021324701221828543
B Cells,T Cells,HLA-C,CD3G,1.7008834,0.0,2.137982,1.5442381,1.5202289,0.1451438,0.91999394,0.03914105009265579,0.0,0.004733612162942245,0.021379753716880244
NEUT,NEUT,PKM,CD44,1.7001626,0.0,2.8695014,1.4080365,1.3892667,0.05966659,0.93017644,0.08293650626003858,0.0,0.014529270779358382,0.021434897652567175
MTC_123,NEUT,C1QA,CD93,1.8296703,0.0,2.2595003,0.505757,0.63734204,0.074688025,0.922005,0.033166995304576154,0.0,0.014529270779358382,0.02150985159682083
MTC_Prolif,T Cells,HLA-E,KLRK1,1.6998594,0.0,2.53257,1.4710891,1.2880787,0.0964002,0.9260097,0.0376852745310619,0.0,0.014529270779358382,0.021545460103513558
MTC_Prolif,MTC_123,HLA-DRB1,CD4,2.067619,0.0,2.2857108,0.34158054,0.5018248,0.049728923,0.92241865,0.03316572866143513,0.0,0.014529270779358382,0.02158888986103124
MTC_Prolif,MONO,PKM,CD44,1.6995916,0.0,2.8846729,1.3836042,1.5869203,0.059982054,0.9303475,0.08069851160275447,0.0,0.014529270779358382,0.021656389089706636
T Cells,MONO,HLA-C,LILRB2,1.9864597,0.0,2.1553752,0.9137429,1.3979833,0.049484625,0.92029166,0.03313765065505868,0.0,0.014529270779358382,0.021747526845343645
MTC_456,NEUT,C1QA,CD93,1.8153011,0.0,2.2368975,0.49545607,0.66926986,0.07394088,0.9216427,0.032770012755399355,0.0,0.014529270779358382,0.022308660681299625
MONO,NEUT,VCAN,SELL,1.7400746,0.0,2.135956,2.2431808,2.9537232,0.16810362,0.91995907,0.03268163970291264,0.0,0.0002793005388490118,0.0226334500474927
NEUT,NEUT,ANXA1,FPR1,1.6881261,0.0,2.7475765,1.1921384,1.1657956,0.06994255,0.9287532,0.07511002256405429,0.0,0.014529270779358382,0.02278595136154673
B Cells,NEUT,HLA-B,LILRB1,1.9205369,0.0,2.2665412,0.4032703,0.5175084,0.03440251,0.92211676,0.03254014120778103,0.0,0.03389947014473473,0.023043694626411784
MTC_Prolif,NEUT,HLA-A,LILRB2,1.6858151,0.0,2.543795,0.9083209,0.83115697,0.056946192,0.9261611,0.07070642979430065,0.0,0.014529270779358382,0.023074137122549875
MTC_Prolif,MTC_Prolif,HLA-DRA,CD4,2.2079518,0.0,2.4386022,0.25724125,0.17790473,0.04241651,0.92470396,0.0323841438389828,0.0,0.047283031918955123,0.02312631311041748
MTC_Prolif,T Cells,TGFB1,CXCR4,1.6844057,0.0,2.3692224,0.9562262,1.5072253,0.054561224,0.923693,0.05799432422234602,0.0,0.014529270779358382,0.023248168396603784
MONO,MTC_456,VCAN,ITGB1,1.7526916,0.0,2.2036965,1.598412,2.2628703,0.06828417,0.92110103,0.03232090555429584,0.0,0.014529270779358382,0.02329212112536722
MTC_Prolif,MTC_123,HMGB1,TLR4,1.8818963,0.0,2.240876,0.6573494,1.2291708,0.056551598,0.92170686,0.03230824516640965,0.0,0.014529270779358382,0.023375311025439983
MTC_Prolif,MTC_123,CD99,CD81,1.681844,0.0,2.8197596,0.31602794,0.37961948,0.044389952,0.92960644,0.08116401997693991,0.0,0.014529270779358382,0.023423041630071972
NEUT,NEUT,VCAN,SELL,1.728203,0.0,2.1170645,2.2282085,2.5309362,0.16661681,0.91963136,0.032252977615402766,0.0,0.0002887330926186678,0.023458691766459983
T Cells,NEUT,HLA-B,LILRA1,2.1699624,0.0,2.2063456,1.1667621,1.3816519,0.08430054,0.9211447,0.03223675438587868,0.0,0.014529270779358382,0.023542263532685796
MTC_Prolif,MONO,GNAI2,C5AR1,1.6808693,0.0,2.805102,0.7934469,1.027072,0.06249326,0.92943573,0.0780576798556433,0.0,0.014529270779358382,0.023598758535343982
MONO,MONO,VCAN,TLR2,1.7485418,0.0,2.181416,1.8032671,2.5688405,0.12933233,0.920731,0.03220701260356326,0.0,0.0033646260010356086,0.02370998087717772
MONO,B Cells,AGTRAP,RACK1,1.9039377,0.0,2.0257137,0.8493344,1.3263829,0.043041807,0.9179862,0.03213981961590236,0.0,0.014529270779358382,0.0240477159624331
MTC_456,T Cells,HLA-E,KLRK1,1.6732606,0.0,2.4739246,1.4472971,1.2770486,0.09416792,0.9252031,0.03827513557050293,0.0,0.014529270779358382,0.024190596675862874
NEUT,B Cells,TNFSF13B,HLA-DPB1,1.6731998,0.0,2.224908,0.866033,1.1221894,0.08658823,0.92144847,0.06074984379317142,0.0,0.014529270779358382,0.02425029954441246
MTC_123,MTC_456,HMGB1,HAVCR2,1.6716586,0.0,2.6521566,0.19291738,0.46998048,0.033547714,0.9275749,0.07575414081739713,0.0,0.03972466189356341,0.02442997615620648
T Cells,MTC_123,HSPA8,ADRB2,1.7166517,0.0,2.153761,0.2674712,0.7446456,0.06020884,0.9202642,0.03198959265965567,0.0,0.014529270779358382,0.024646163402407294
MONO,NEUT,HLA-B,LILRB1,1.9211429,0.0,2.2674236,0.4037888,0.46609294,0.0344159,0.92213076,0.03196448891046499,0.0,0.03376084109062293,0.02481888797234731
NEUT,NEUT,GNAI2,C5AR1,1.6676538,0.0,2.7482002,0.7902629,1.0301504,0.06122557,0.9287607,0.07842192866574171,0.0,0.014529270779358382,0.02491329023102149
NEUT,MTC_456,VCAN,ITGB1,1.74082,0.0,2.1842055,1.5834398,1.8400836,0.06768022,0.9207776,0.03189681894433785,0.0,0.014529270779358382,0.02499238836900193
MTC_Prolif,T Cells,HLA-C,CD3G,1.6669445,0.0,2.08151,1.5162431,1.366744,0.14131004,0.91900325,0.03647856668077076,0.0,0.00935474051415762,0.025035070661256785
MTC_123,T Cells,C3,IFITM1,1.6656848,0.0,2.0894659,1.434221,1.8356923,0.2659085,0.9191451,0.034938099658926705,0.0,0.002050556812155803,0.025218457276319647
NEUT,MONO,HLA-B,LILRB2,2.0186417,0.0,2.197103,0.79468966,0.9470901,0.0426465,0.92099214,0.03182085415802613,0.0,0.014529270779358382,0.02525409682560684
MTC_456,T Cells,HLA-A,CD3D,1.6653538,0.0,2.6120787,1.5644348,1.4251523,0.11240034,0.92706174,0.03990062582931104,0.0,0.008028068007489644,0.02527977732344271
MTC_Prolif,MTC_123,APOE,LRP1,2.2346241,0.0,2.1490426,0.3598313,0.56835055,0.052374016,0.92018366,0.031792608309746215,0.0,0.014529270779358382,0.025341722468279877
NEUT,MONO,VCAN,TLR2,1.7366703,0.0,2.1621225,1.7882949,2.1460536,0.12818845,0.9204062,0.031784371311982605,0.0,0.0035843999479301817,0.025517559078923262
B Cells,MONO,MIF,CD44_CD74,1.659723,0.0,2.7441475,1.1677129,1.3037157,0.03931376,0.9287119,0.07588788638796225,0.0,0.014529270779358382,0.026023099694382847
T Cells,NEUT,HLA-A,LILRA1,2.1127543,0.0,2.139061,1.2649589,1.5665876,0.09426047,0.92001253,0.03152446510608055,0.0,0.014529270779358382,0.026049764561895672
MTC_456,MTC_123,APOE,LRP1,2.1739373,0.0,2.0825226,0.32288858,0.9873748,0.050752863,0.91902137,0.03149981971757953,0.0,0.014529270779358382,0.026139152157887584
NEUT,MONO,PKM,CD44,1.6587124,0.0,2.740585,1.347406,1.5522183,0.05698599,0.92866886,0.07743349580404417,0.0,0.014529270779358382,0.026148334003935774
MTC_123,B Cells,TGFB1,CXCR4,1.8652382,0.0,2.1875365,1.0952513,1.9024158,0.05037715,0.92083323,0.03134545079445862,0.0,0.014529270779358382,0.026679614249315937
MTC_456,NEUT,PKM,CD44,1.6526467,0.0,2.694143,1.3659568,1.6870275,0.0560203,0.9281007,0.07440596770683439,0.0,0.014529270779358382,0.02671667544794103
MTC_456,B Cells,TGFB1,CXCR4,1.8752725,0.0,2.247777,1.1059978,1.9496555,0.051764436,0.9218177,0.03132246375740518,0.0,0.014529270779358382,0.02677038236416347
MTC_456,MTC_123,C1QB,LRP1,2.1487575,0.0,2.0549226,0.24021663,0.58062077,0.048578605,0.9185235,0.031162798097225573,0.0,0.01466584994320624,0.027135435981839734
MTC_456,T Cells,HLA-C,CD3D,1.6389685,0.0,2.5453928,1.5447164,1.3999473,0.112331346,0.92618257,0.03934085596377751,0.0,0.008070195704669958,0.028139163699129124
MTC_Prolif,NEUT,HMGB1,TLR2,1.8685334,0.0,2.1601005,0.6889027,0.9392529,0.048385166,0.92037195,0.030770552416585686,0.0,0.014529270779358382,0.028438229006351744
MONO,NEUT,S100A8,TLR4,1.9647863,0.0,1.925866,1.0714005,2.1455495,0.074503526,0.91606325,0.030585952659072168,0.0,0.014529270779358382,0.028722511602301857
B Cells,MONO,HLA-B,LILRB2,1.8806446,0.0,2.0181735,0.6764008,0.88491243,0.03917342,0.9178457,0.030478256839437966,0.0,0.014529270779358382,0.02920035188447746
T Cells,MTC_456,HLA-A,LILRB1,2.095876,0.0,2.0162742,0.66795766,1.0340939,0.035296015,0.9178102,0.0303870060583632,0.0,0.028134816866823165,0.029586269188680167
MTC_123,NEUT,HMGB1,CD163,1.6293466,0.0,2.4787729,0.40169805,0.6676929,0.032913733,0.9252708,0.06463378465404715,0.0,0.04462670879295216,0.029813515561250257
T Cells,NEUT,HLA-C,LILRA1,1.956339,0.0,1.9550955,1.1302876,1.4496373,0.08835665,0.9166405,0.03004671518054529,0.0,0.014529270779358382,0.030763579731943307
MTC_456,T Cells,HLA-B,CD3G,1.6215932,0.0,2.006049,1.317438,1.052132,0.115138784,0.9176182,0.03618274169620647,0.0,0.014529270779358382,0.030778389676385787
MTC_456,MTC_123,HSPA8,ADRB2,1.631038,0.0,2.0123148,0.1999264,0.5831392,0.05625468,0.91773605,0.030025571673573878,0.0,0.024154677107719093,0.030863019680776448
MTC_Prolif,MONO,APOE,SDC2,2.23805,0.0,2.1759083,0.59820175,0.9145041,0.105150595,0.9206387,0.029994551244204113,0.0,0.014529270779358382,0.030962665173572802
MONO,MONO,HLA-B,LILRB2,1.8812506,0.0,2.0189593,0.67691934,0.833497,0.03918867,0.9178604,0.029937951625573198,0.0,0.014529270779358382,0.03126283665742229
MTC_123,T Cells,HLA-C,CD3D,1.6191177,0.0,2.4952219,1.5283419,1.427635,0.110117234,0.92549914,0.038321422353824006,0.0,0.009033432463524407,0.03133860918941457
B Cells,NEUT,HLA-A,LILRB1,1.7452681,0.0,2.011317,0.41011608,0.5645108,0.035209235,0.91771734,0.02986424345014642,0.0,0.02869749537681955,0.0314639818907461
MTC_456,T Cells,CD14,ITGA4,1.8198218,0.0,1.7689335,1.0370495,1.64167,0.076244265,0.9127371,0.029861946562895363,0.0,0.014529270779358382,0.031564864301855275
MTC_Prolif,MTC_Prolif,HLA-DRB1,CD4,2.0625486,0.0,2.250439,0.3353392,0.24260867,0.048961535,0.9218604,0.029812751805411836,0.0,0.02719078198966794,0.03186875279454973
MTC_Prolif,MTC_123,CD14,TLR4,1.7756737,0.0,2.0833623,0.30276626,0.47579896,0.05659824,0.9190363,0.029793364054723392,0.0,0.014529270779358382,0.0319704632894061
NEUT,T Cells,HLA-E,KLRK1,1.6160282,0.0,2.3477383,1.3961031,1.207204,0.08936474,0.9233713,0.03572921106446422,0.0,0.014529270779358382,0.03226280878133699
NEUT,NEUT,HLA-C,LILRB1,1.7802217,0.0,2.062216,0.43758577,0.498376,0.03702329,0.918656,0.029736067566890814,0.0,0.020700608829565405,0.03237938153463812
MTC_456,MONO,APOE,SDC2,2.177363,0.0,2.1085565,0.56125903,1.3335283,0.101895824,0.91948247,0.02971781329829198,0.0,0.014529270779358382,0.03258508883411536
MTC_456,NEUT,CD14,ITGA4,1.821802,0.0,1.78106,1.0431243,1.432856,0.07676694,0.91300875,0.029661110041224455,0.0,0.014529270779358382,0.032895213882598515
MTC_456,MONO,PKM,CD44,1.6111964,0.0,2.573105,1.3053263,1.8499789,0.053503517,0.9265519,0.06942612593515152,0.0,0.014529270779358382,0.03298546480660881
MONO,T Cells,HLA-C,CD3G,1.6094247,0.0,1.9858015,1.4687971,1.3212862,0.13481255,0.917234,0.035924660075887765,0.0,0.011490736692535279,0.03335063963108684
NEUT,MTC_Prolif,S100A9,TLR4,2.407028,0.0,2.0652826,1.2785413,1.861208,0.07108756,0.9187115,0.029647334481728852,0.0,0.014529270779358382,0.03341627135718011
NEUT,NEUT,HLA-A,LILRB1,1.7684941,0.0,2.0451384,0.42950392,0.44512475,0.0358013,0.91834474,0.029303632655015427,0.0,0.02597166502564394,0.03415457084591391
MONO,NEUT,VCAN,TLR2,1.6995938,0.0,1.9186162,1.7408153,2.3951986,0.11375139,0.9159181,0.029196553722506,0.0,0.007533576873367087,0.03458109580163689
MTC_456,NEUT,HLA-A,LILRB2,1.6033823,0.0,2.3558881,0.83951956,0.7219926,0.05273965,0.92349386,0.0681369466664194,0.0,0.014529270779358382,0.034686637609653855
MONO,T Cells,AGTRAP,RACK1,1.7931098,0.0,1.8840053,0.7560233,1.1228445,0.040030826,0.9152145,0.02908971598125457,0.0,0.014529270779358382,0.03490321218373456
T Cells,MTC_456,HLA-C,LILRB1,1.9394609,0.0,1.8428689,0.53328645,0.9171435,0.033085316,0.914354,0.02896098153152703,0.0,0.043203417831657,0.03533567295840107
NEUT,NEUT,HLA-B,LILRA1,1.988521,0.0,1.9929458,1.0112344,0.998744,0.07614692,0.9173702,0.02884907888261645,0.0,0.014529270779358382,0.035444320042623656
MTC_Prolif,MTC_123,HLA-DPA1,CD4,1.8188841,0.0,1.9587835,0.30391693,0.4889602,0.049617406,0.9167125,0.0288373060152558,0.0,0.014529270779358382,0.03555318022119197
NEUT,NEUT,VCAN,TLR2,1.6877222,0.0,1.9016469,1.7258431,1.9724116,0.11274531,0.9155754,0.028812241511126616,0.0,0.007944239366959656,0.03577154053663423
MTC_456,MTC_Prolif,SPP1,ITGAV_ITGB1,3.1326575,0.0,1.92419,0.38586494,1.749706,0.046337795,0.91602975,0.024828207877703647,0.0,0.014529270779358382,0.0360872817010775
MTC_456,MTC_Prolif,SPP1,ITGAV_ITGB5,3.1326575,0.0,1.92419,0.38586494,1.749706,0.046337795,0.91602975,0.024828207877703647,0.0,0.014529270779358382,0.0360872817010775
MTC_Prolif,NEUT,GNAI2,FPR1,1.5957572,0.0,2.4947724,0.44064963,0.3356322,0.047868002,0.92549294,0.06857812565729741,0.0,0.014529270779358382,0.03621062611449143
NEUT,MTC_Prolif,TNFSF13B,HLA-DPB1,1.595404,0.0,2.0825236,0.80595326,0.80691147,0.08104697,0.91902137,0.05414006459349446,0.0,0.014529270779358382,0.03628792621451749
MONO,NEUT,HLA-A,LILRB1,1.7046353,0.0,1.952148,0.3762021,0.44370162,0.034173448,0.9165829,0.028554710690776804,0.0,0.03540671749697165,0.03665353928183207
MTC_456,NEUT,CD14,TLR4,1.8179202,0.0,1.7572883,0.2840178,0.80984277,0.04773986,0.9124737,0.028454869935334432,0.0,0.014529270779358382,0.03676475461524063
NEUT,MTC_456,S100A8,CD69,2.2025833,0.0,2.0624602,1.2169818,1.664267,0.03439038,0.9186604,0.02843879948768997,0.0,0.03399214223304839,0.03687618506109435
T Cells,MTC_Prolif,CALM1,HMMR,1.5930924,0.0,1.9390392,3.4185212,1.6494195,0.18694599,0.916325,0.03306652156814941,0.0,0.002695908982353535,0.036988370335072206
B Cells,NEUT,HLA-C,LILRB1,1.6489487,0.0,1.8710579,0.32930475,0.46328402,0.033591397,0.91494656,0.028277018408016177,0.0,0.039306070669582416,0.037436569831057316
NEUT,B Cells,TGFB1,CXCR4,1.8339235,0.0,1.9995409,1.0616895,1.7837209,0.046047766,0.91749537,0.028200937162080518,0.0,0.014529270779358382,0.037549294462279885
B Cells,NEUT,VIM,CD44,1.5877788,0.0,2.454748,1.5442736,1.6067517,0.039123558,0.9249334,0.05451553620629402,0.0,0.014529270779358382,0.038015258954035194
T Cells,MTC_123,HLA-A,LILRB1,2.0760758,0.0,1.8722303,0.64349943,1.0171802,0.032774445,0.91497093,0.02799571504622549,0.0,0.04579213854609645,0.038230189985927795
NEUT,MONO,ANXA1,FPR1,1.5859308,0.0,2.3372009,1.1059675,1.0986887,0.05949599,0.92321205,0.06551626153552748,0.0,0.014529270779358382,0.038415002418715496
T Cells,MONO,HMGB1,THBD,1.5854303,0.0,2.068381,0.89069605,1.2796345,0.06825469,0.91876745,0.03300834362356218,0.0,0.014529270779358382,0.038575647007024726
B Cells,MONO,HLA-A,LILRB2,1.7053759,0.0,1.7909167,0.6832466,0.93191487,0.04009202,0.9132277,0.027967014077060173,0.0,0.014529270779358382,0.03868846369506025
MTC_123,MTC_123,HSPA8,ADRB2,1.5846729,0.0,1.935713,0.16335352,0.5578389,0.05411326,0.9162591,0.02901578881717284,0.0,0.04100187824339564,0.03873671925183751
MTC_456,T Cells,S100A8,CD69,1.5950415,0.0,2.0502503,0.92734116,0.78624964,0.034186788,0.9184383,0.027945114941359442,0.0,0.03531097196761526,0.038803576561808266
B Cells,MTC_123,HSPA8,ADRB2,1.582118,0.0,1.931492,0.16133922,0.4872136,0.053995263,0.9161753,0.02912194221755564,0.0,0.04181667545345353,0.039222506474336435
NEUT,MONO,HLA-C,LILRB2,1.7403295,0.0,1.8362381,0.7107163,0.86578006,0.04215765,0.91421276,0.027846747279027084,0.0,0.014529270779358382,0.03926621074568051
NEUT,MTC_456,GNAI2,FPR1,1.5815,0.0,2.49209,0.410449,0.8915061,0.047816534,0.92545587,0.06420867265917643,0.0,0.014529270779358382,0.03930384647047193
NEUT,MTC_Prolif,AGTRAP,RACK1,1.5803584,0.0,1.8983222,0.6534119,0.59229505,0.040335026,0.91550773,0.04665236636282047,0.0,0.014529270779358382,0.03979414435869491
B Cells,NEUT,HLA-B,LILRA1,1.8505238,0.0,1.8306426,0.8929456,0.93656635,0.0699456,0.914093,0.02762828974752253,0.0,0.014529270779358382,0.039966728304752466
MTC_456,NEUT,HLA-C,LILRB2,1.576997,0.0,2.2957428,0.8198011,0.6967876,0.052707277,0.92257524,0.06720877649790355,0.0,0.014529270779358382,0.040123164156043195
MONO,MTC_123,VCAN,ITGB1,1.6657026,0.0,1.7366554,1.5069245,2.0201592,0.05381234,0.9120009,0.02755858458957667,0.0,0.014529270779358382,0.040319951529972885
MTC_456,B Cells,S100A8,CD69,1.5750065,0.0,2.0144975,0.9079908,0.6954216,0.03359063,0.91777694,0.028588752296440208,0.0,0.03935820072945274,0.040619934687196144
NEUT,MONO,HLA-A,LILRB2,1.7286019,0.0,1.8210319,0.70263445,0.8125288,0.040766194,0.91388613,0.0274410106326011,0.0,0.014529270779358382,0.04103234898923464
MTC_Prolif,MTC_123,HSPA8,ADRB2,1.572155,0.0,1.9150316,0.15347958,0.40281928,0.05353511,0.9158461,0.027513439757805475,0.0,0.047283031918955123,0.04137240640410787
MTC_Prolif,MTC_Prolif,CALM1,HMMR,1.5700647,0.0,1.9013103,3.399768,1.4672014,0.18330848,0.9155686,0.029376938580851827,0.0,0.005787221529827781,0.04170966549474082
MTC_Prolif,T Cells,LGALS9,PTPRC,1.569741,0.0,2.0448942,0.4464897,0.68877023,0.04054585,0.91834027,0.05795077999136686,0.0,0.014529270779358382,0.0419637547038824
NEUT,MTC_123,VCAN,ITGB1,1.653831,0.0,1.7212954,1.4919523,1.5973723,0.05333639,0.91164374,0.027195228876227183,0.0,0.014529270779358382,0.04211588875532463
MTC_123,T Cells,HLA-B,CD3G,1.5681573,0.0,1.9171355,1.2716305,1.0181342,0.110035524,0.91588837,0.035796863869933,0.0,0.014529270779358382,0.042133693532831286
B Cells,MONO,HMGB1,THBD,1.5670325,0.0,2.0345955,0.87474835,1.2214234,0.0671398,0.9181507,0.03196645127876458,0.0,0.014529270779358382,0.04221882692125792
MONO,NEUT,HLA-B,LILRA1,1.8511299,0.0,1.8313553,0.8934641,0.8851509,0.069972835,0.91410834,0.027137093357098054,0.0,0.014529270779358382,0.04235912074802102
NEUT,MTC_Prolif,S100A8,TLR4,2.1743414,0.0,1.8437206,1.212406,1.8171682,0.07132567,0.9143721,0.027056599531462912,0.0,0.014529270779358382,0.04260324477546583
NEUT,MONO,PSAP,LRP1,1.736526,0.0,1.7466911,0.33312258,0.3743773,0.04192156,0.91223186,0.02698780406042768,0.0,0.014529270779358382,0.04297110620659034
T Cells,NEUT,B2M,TFRC,2.9641032,0.0,2.3720891,0.8320194,1.009912,0.036550745,0.92373556,0.026940921560616938,0.0,0.022809260186764192,0.04309417409897816
MONO,NEUT,AGTRAP,RACK1,1.7051264,0.0,1.7715068,0.681947,0.8281291,0.037640486,0.91279495,0.026935455769566304,0.0,0.018069304450846944,0.04321746596730367
MTC_123,T Cells,HLA-A,CD3D,1.5646695,0.0,2.357609,1.4803995,1.2994293,0.10145026,0.9235196,0.03199807335051925,0.0,0.013384525353587506,0.04333553568833761
MTC_Prolif,MONO,APOC2,LRP1,1.6543145,0.0,1.6463763,0.38762224,0.67433625,0.07260507,0.90983504,0.02693226689169816,0.0,0.014529270779358382,0.043464722274746403
MTC_Prolif,NEUT,HMGB1,TLR4,1.7981383,0.0,1.734582,0.5597012,0.7239142,0.043774568,0.911953,0.026765156688391224,0.0,0.014529270779358382,0.044211883315009484
T Cells,MTC_123,CD99,CD81,1.5587071,0.0,2.3824108,0.20009005,0.46100235,0.037505,0.9238884,0.06759223292547273,0.0,0.02404898294190457,0.044382857581030735
MONO,MONO,HLA-A,LILRB2,1.664743,0.0,1.7382314,0.64933264,0.81110567,0.038912594,0.9120373,0.026738381004769374,0.0,0.014529270779358382,0.044462738637143506
MTC_123,NEUT,HLA-C,LILRB2,1.5571463,0.0,2.2504923,0.80342674,0.72447526,0.05166839,0.92186123,0.06551645508774602,0.0,0.014529270779358382,0.04500115556045618
MONO,T Cells,VCAN,ITGA4,1.6311004,0.0,1.5508775,2.3646455,3.011687,0.16435857,0.90735376,0.026650388184733753,0.0,0.00032856517390391813,0.04509383014078342
T Cells,NEUT,ANXA1,FPR1,1.5553124,0.0,2.384079,1.0204724,1.3184723,0.060689326,0.923913,0.062194693375054774,0.0,0.014529270779358382,0.04544613052995908
MONO,MONO,AGTRAP,RACK1,1.644814,0.0,1.6943893,0.63117343,0.82088727,0.036001917,0.91100717,0.026616827533637005,0.0,0.02501367920890858,0.04547520217370555
MTC_Prolif,MONO,HLA-B,LILRB2,1.6936483,0.0,1.7757107,0.51611,0.59391516,0.03446714,0.91288924,0.026573306063697993,0.0,0.033256409455844016,0.045602779992712464
B Cells,MONO,HLA-C,LILRB2,1.6090565,0.0,1.6660272,0.6024353,0.83068806,0.038249824,0.9103205,0.026477870939633056,0.0,0.016066070015884115,0.04611536453345915
MONO,NEUT,ANXA1,FPR1,1.5516238,0.0,2.3739834,1.0156983,1.1495949,0.06043233,0.9237637,0.05859665009178152,0.0,0.014529270779358382,0.04616388757244387
MONO,NEUT,VCAN,ITGA4,1.6330806,0.0,1.561509,2.3707204,2.8028731,0.1654853,0.9076405,0.026470561653384246,0.0,0.00031322927947028816,0.04624407977555362
MONO,MTC_Prolif,S100A9,TLR4,2.069151,0.0,1.7435591,1.0338686,1.9871631,0.06001376,0.91216,0.026352949850520318,0.0,0.014529270779358382,0.046631593884342376
MTC_Prolif,NEUT,HLA-C,LILRB1,1.6150098,0.0,1.8216364,0.30130973,0.3097992,0.03270413,0.9138992,0.026333283667861727,0.0,0.04674190424514951,0.046761221906757786
NEUT,T Cells,VCAN,ITGA4,1.6192288,0.0,1.5371605,2.3496733,2.5889,0.16290489,0.9069797,0.026298683065547168,0.0,0.000360707084670291,0.04689107851793569
B Cells,MONO,VIM,CD44,1.5463285,0.0,2.344465,1.4836433,1.7697033,0.03736588,0.92332196,0.05079386722745114,0.0,0.019128552723771786,0.04707115482459993
MTC_456,MTC_123,HLA-DPA1,CD4,1.6180282,0.0,1.6947862,0.15383203,0.39765996,0.042930163,0.91101664,0.026236458757846654,0.0,0.04698179034218159,0.04754379590397201
T Cells,MTC_456,CCL5,CCR1,1.7046915,0.0,1.8238345,1.6821957,2.641202,0.17805167,0.9139466,0.026177547277606777,0.0,0.00045639814607496685,0.04793817944451871
MTC_Prolif,MTC_456,CD99,CD81,1.5441507,0.0,2.382494,0.21412103,0.21204293,0.037506316,0.92388964,0.065949339279862,0.0,0.034740839090393105,0.047989662547336734
NEUT,NEUT,VCAN,ITGA4,1.621209,0.0,1.547698,2.3557482,2.3800862,0.16402164,0.9072675,0.02612116601730194,0.0,0.00033378513289260693,0.048467244884211357
MTC_123,MTC_123,C3,ITGAX,1.5877844,0.0,1.7009991,0.3193096,0.8117621,0.07897923,0.9111649,0.026097585105396722,0.0,0.014529270779358382,0.04886646496124515
NEUT,NEUT,HBEGF,CD44,1.5394793,0.0,2.276498,1.7971995,1.9483035,0.13402306,0.92227405,0.06453166542716414,0.0,0.002695908982353535,0.049106785044615776
MTC_Prolif,MTC_Prolif,HLA-DPA1,CD4,1.8138136,0.0,1.9285566,0.29767558,0.22974408,0.048851736,0.9161169,0.025910195403597763,0.0,0.029808076360286255,0.049671148725062175
